Product,District,Upazila,1/1/2025,1/2/2025,1/3/2025,1/4/2025,1/5/2025,1/6/2025,1/7/2025,1/8/2025,1/9/2025,1/10/2025,1/11/2025,1/12/2025,1/13/2025,1/14/2025,1/15/2025,1/16/2025,1/17/2025,1/18/2025,1/19/2025,1/20/2025,1/21/2025,1/22/2025,1/23/2025,1/24/2025,1/25/2025,1/26/2025,1/27/2025,1/28/2025,1/29/2025,1/30/2025,1/31/2025,2/1/2025,2/2/2025,2/3/2025,2/4/2025,2/5/2025,2/6/2025,2/7/2025,2/8/2025,2/9/2025,2/10/2025,2/11/2025,2/12/2025,2/13/2025,2/14/2025,2/15/2025,2/16/2025,2/17/2025,2/18/2025,2/19/2025,2/20/2025,2/21/2025,2/22/2025,2/23/2025,2/24/2025,2/25/2025,2/26/2025,2/27/2025,2/28/2025,3/1/2025,3/2/2025,3/3/2025,3/4/2025,3/5/2025,3/6/2025,3/7/2025,3/8/2025,3/9/2025,3/10/2025,3/11/2025,3/12/2025,3/13/2025,3/14/2025,3/15/2025,3/16/2025,3/17/2025,3/18/2025,3/19/2025,3/20/2025,3/21/2025,3/22/2025,3/23/2025,3/24/2025,3/25/2025,3/26/2025,3/27/2025,3/28/2025,3/29/2025,3/30/2025,3/31/2025,4/1/2025,4/2/2025,4/3/2025,4/4/2025,4/5/2025,4/6/2025,4/7/2025,4/8/2025,4/9/2025,4/10/2025,4/11/2025,4/12/2025,4/13/2025,4/14/2025,4/15/2025,4/16/2025,4/17/2025,4/18/2025,4/19/2025,4/20/2025,4/21/2025,4/22/2025,4/23/2025,4/24/2025,4/25/2025,4/26/2025,4/27/2025,4/28/2025,4/29/2025,4/30/2025,5/1/2025,5/2/2025,5/3/2025,5/4/2025,5/5/2025,5/6/2025,5/7/2025,5/8/2025,5/9/2025,5/10/2025,5/11/2025,5/12/2025,5/13/2025,5/14/2025,5/15/2025,5/16/2025,5/17/2025,5/18/2025,5/19/2025,5/20/2025,5/21/2025,5/22/2025,5/23/2025,5/24/2025,5/25/2025,5/26/2025,5/27/2025,5/28/2025,5/29/2025,5/30/2025,5/31/2025
Potato,Bagerhat,Bagerhat Sadar,,,,,,,,,,,,,,,,,,,,,,,,,,,,,,,,,,,,,,,,,,,,,,,0.035374467,0,0,0,0,0,1.626360955,0,0.454168597,0,0,0,0,0,0.06515721,0,0,0,0,0,0,0.040916295,0,0,0.042320963,0,0,0,2.931169388,0,29.03817609,0,3.35991316,0.061586904,0,0,0,0,0,0,0.147427909,11.66614636,3.56153561,0,0,0,0,0.317525239,0,0,0,0,0,0,0,0,0,0,0,,,,,,,,,,,,,,,,,,,,,,,,,,,,,,,,,,,,,,,,,,,,,,
Potato,Bagerhat,Chitalmari,,,,,,,,,,,,,,,,,,,,,,,,,,,,,,,,,,,,,,,,,,,,,,,1.197266787,0,0,1.791415459,0,0,0,0,1.682100491,0,0,0,0,0,7.728649095,0,0,0,0,0,0,5.029829067,0,0,5.068260962,0,0,0,0,0,0.119782578,2.742176927,2.032551674,7.266945269,0,0,0,0,0,0,16.31402511,0.09121898,0,0,0,0,0,4.965118268,0,0,0,0,0,0,0,0,0,0,0,,,,,,,,,,,,,,,,,,,,,,,,,,,,,,,,,,,,,,,,,,,,,,
Potato,Bagerhat,Fakirhat,,,,,,,,,,,,,,,,,,,,,,,,,,,,,,,,,,,,,,,,,,,,,,,0,0,0,5.806484174,0,4.549610165,0,0,0,0,0,0,0,0,7.390103099,0,0,0,0,0,0,1.495950861,0,6.32433977,0,0,0,0,0,0,0,1.636179487,1.085785323,6.748597662,0,0,0,0,0,0,11.53929304,0,0,0,0,0,0,0,0,16.43489733,0,0,0,0,0,0,0,0,0,,,,,,,,,,,,,,,,,,,,,,,,,,,,,,,,,,,,,,,,,,,,,,
Potato,Bagerhat,Kachua,,,,,,,,,,,,,,,,,,,,,,,,,,,,,,,,,,,,,,,,,,,,,,,0.137912282,0,0,0,0,0,0.333870072,0,1.235691835,0,0,0,0,0,4.107212607,0,0,0,0,0,0,2.788548304,0,0,2.688962346,0,0,0,0,0,19.72983074,1.849536249,0.472484182,3.859570314,0,0,0,0,0,0,8.699180145,3.094346585,0,0,0,0,0,1.656237839,0,0,0,0,0,0,0,0,0,0,0,,,,,,,,,,,,,,,,,,,,,,,,,,,,,,,,,,,,,,,,,,,,,,
Potato,Bagerhat,Mollahat,,,,,,,,,,,,,,,,,,,,,,,,,,,,,,,,,,,,,,,,,,,,,,,0,0,0,6.26415214,0,0.236255967,0,0,0,0,0,0,0,0,7.828056392,0,0,0,0,0,0,5.183038296,0,0.673339638,2.057772662,0,0,0,0,0,0,5.22035496,1.88823582,7.498093955,0,0,0,0,0,0,15.75508689,0,0,0,0,0,0,0.002896614,0,0.405515409,0,0,0,0,0,0,0,0,0,,,,,,,,,,,,,,,,,,,,,,,,,,,,,,,,,,,,,,,,,,,,,,
Potato,Bagerhat,Mongla,,,,,,,,,,,,,,,,,,,,,,,,,,,,,,,,,,,,,,,,,,,,,,,0,0,0,3.506711499,0,3.084841889,0,0,0.563486946,1.271281697,0,0,0,0,7.917760786,0,0,0,0,0,0,4.187572437,0,4.818435384,1.413860419,0,0,0,0,0,0,8.217249097,0,7.093456744,0,0,0,0,0,0,14.05168943,0,0,0,0,0,0,0,0,0,0,0,0,0,0,0,0,0,0,,,,,,,,,,,,,,,,,,,,,,,,,,,,,,,,,,,,,,,,,,,,,,
Potato,Bagerhat,Morelganj,,,,,,,,,,,,,,,,,,,,,,,,,,,,,,,,,,,,,,,,,,,,,,,0.144755591,0,0,3.718224264,0,0.000877509,0.000784816,0,1.412480767,0.008913559,0,0,0,0,7.664410156,0,0,0,0,0,0,5.302759096,0,0.044405854,5.010375641,0,0,0,0,0,0,7.229389542,0,7.093521462,0,0,0,0,0,0,15.09293746,0,0,0,0,0,0,0.688157758,0.472386839,0,0,0,0.10757148,0,0,0,0,0,0,,,,,,,,,,,,,,,,,,,,,,,,,,,,,,,,,,,,,,,,,,,,,,
Potato,Bagerhat,Rampal,,,,,,,,,,,,,,,,,,,,,,,,,,,,,,,,,,,,,,,,,,,,,,,0,0,0,0,0,0.704882054,1.948447676,0.541813388,0,0,0,0,0,0,0,0,0,0,0,0,0,0,0,0,9.499824268,0,0,1.38127965,11.20320096,0,27.72040178,0,0,0,0,0,0,0,0,0,1.877850121,0,0,0,0,0,0,0,0,0,0,0,0,0,0,0,0,0,0,,,,,,,,,,,,,,,,,,,,,,,,,,,,,,,,,,,,,,,,,,,,,,
Potato,Bagerhat,Sharankhola,,,,,,,,,,,,,,,,,,,,,,,,,,,,,,,,,,,,,,,,,,,,,,,0,0,0,0,0,0.132315073,0.245868783,0.001957469,1.19812675,0,0,0,0,0,0,0,0,0,0,0,0,0,0,0,14.96676212,0.210515576,0,3.153425647,6.618010696,0,17.08672877,0,3.625248821,0,0,0,0,0,0,0,3.297446106,0,0,0,0,0,0,0,0,0,0,0,0,0,0,0,0,0,0,,,,,,,,,,,,,,,,,,,,,,,,,,,,,,,,,,,,,,,,,,,,,,
Potato,Chuadanga,Alamdanga,,,,,,,,,,,,,,,,,,,,,,,,,,,,,,,,,,,,,,,,,,,,,,,0,0,0,0,0,0.000254997,0.000795367,0.000737702,3.909956888,0,0,0,0,0,0,0,0,0,0,0,0,0,0,0,14.54655109,7.636164247,0,0,5.374023351,0,29.39990961,0,0,0,0,0,0,0,0,0,1.094363594,0,6.931520131,0,0,0,0,0,0,0,0,0,0,0,0,0,0,0,0,,,,,,,,,,,,,,,,,,,,,,,,,,,,,,,,,,,,,,,,,,,,,,
Potato,Chuadanga,Chuadanga Sadar,,,,,,,,,,,,,,,,,,,,,,,,,,,,,,,,,,,,,,,,,,,,,,,0,0,0,0,0,0.931020587,2.085106446,0.054290569,0,0,0,0,0,0,0,0,0,0,0,0,0,0,0,0,14.09479161,0,0,0.521156801,6.990739024,0,16.86697303,0,2.756597696,0,0,0,0,0,0,0,12.27121305,0,0,0,0,0,0,0,0,0,0,0,0,0,0,0,0,0,0,,,,,,,,,,,,,,,,,,,,,,,,,,,,,,,,,,,,,,,,,,,,,,
Potato,Chuadanga,Damurhuda,,,,,,,,,,,,,,,,,,,,,,,,,,,,,,,,,,,,,,,,,,,,,,,0,0,0,0,0,1.10E-05,1.68E-05,0,3.261920079,0,0,0,0,0,0,0,0,0,0,0,0,0,0,0,19.23709217,2.524945906,0,0.333940184,6.856632683,0,17.31527921,0,4.822662346,0,0,0,0,0,0,0,2.145957113,0,2.139513583,0,0,0,0,0,0,0,0,0,0,0,0,0,0,0,0,,,,,,,,,,,,,,,,,,,,,,,,,,,,,,,,,,,,,,,,,,,,,,
Potato,Chuadanga,Jibannagar,,,,,,,,,,,,,,,,,,,,,,,,,,,,,,,,,,,,,,,,,,,,,,,0,0,0,0,0,0.671852955,1.714279449,0.250222637,0.028076677,0,0,0,0,0,0,0,0,0,0,0,0,0,0,0,13.1619688,0,0,0.260382115,6.300544086,0,18.0036507,0,0.897981857,0,0,0,0,0,0,0,11.79725108,0,0,0,0,0,0,0,0,0,0,0,0,0,0,0,0,0,0,,,,,,,,,,,,,,,,,,,,,,,,,,,,,,,,,,,,,,,,,,,,,,
Potato,Jashore,Abhaynagar,,,,,,,,,,,,,,,,,,,,,,,,,,,,,,,,,,,,,,,,,,,,,,,0,0,0,0,0,0.428503007,1.316674504,1.343523883,0.456401949,0,0,0,0,0,0,0,0,0,0,0,0,0,0,0,8.952650693,2.049935546,0,0,9.880666126,0,22.97091824,0,0,0,0,0,0,0,0,0,7.273293856,0,9.466558499,0,0,0,0,0,0,0,0,0,0,0,0,0,0,0,0,,,,,,,,,,,,,,,,,,,,,,,,,,,,,,,,,,,,,,,,,,,,,,
Potato,Jashore,Bagharpara,,,,,,,,,,,,,,,,,,,,,,,,,,,,,,,,,,,,,,,,,,,,,,,0,0,0,0,0,0.000375017,0.000709956,4.78E-05,3.821314212,0,0,0,0,0,0,0,0,0,0,0,0,0,0,0,18.40911361,4.236761567,0,0,8.849611139,0,17.88435208,0,2.625486757,0,0,0,0,0,0,0,7.630805367,0,5.009100231,0,0,0,0,0,0,0,0,0,0,0,0,0,0,0,0,,,,,,,,,,,,,,,,,,,,,,,,,,,,,,,,,,,,,,,,,,,,,,
Potato,Jashore,Chaugachha,,,,,,,,,,,,,,,,,,,,,,,,,,,,,,,,,,,,,,,,,,,,,,,0,0,0,0,0,0.060001749,0.185720687,0.140306872,3.713628994,0,0,0,0,0,0,0,0,0,0,0,0,0,0,0,12.75046083,1.672353691,0,0.322777764,6.836773595,0,20.51032056,0,0,0,0,0,0,0,0,0,2.0390481,0,8.969727587,0,0,0,0,0,0,0,0,0,0,0,0,0,0,0,0,,,,,,,,,,,,,,,,,,,,,,,,,,,,,,,,,,,,,,,,,,,,,,
Potato,Jashore,Jashore Sadar,,,,,,,,,,,,,,,,,,,,,,,,,,,,,,,,,,,,,,,,,,,,,,,0,0,0,0,0,0.000889294,0.002515123,0.004702426,4.179469365,0,0,0,0,0,0,0,0,0,0,0,0,0,0,0,8.312596985,7.597919142,0,0,9.648968887,0,27.29834206,0,0,0,0,0,0,0,0,0,0.686315011,0,10.4615552,0,0,0,0,0,0,0,0,0,0,0,0,0,0,0,0,,,,,,,,,,,,,,,,,,,,,,,,,,,,,,,,,,,,,,,,,,,,,,
Potato,Jashore,Jhikargachha,,,,,,,,,,,,,,,,,,,,,,,,,,,,,,,,,,,,,,,,,,,,,,,0,0,0,0,0,1.238400036,0.816515427,0,0.035178893,0,0,0,0,0,0,0,0,0,0,0,0,0,0,0,18.54907413,0,0,4.854318429,8.039812581,0,14.58777344,0,7.293886721,0,0,0,0,0,0,0,2.948115384,0,0,0,0,0,0,0,0,0,0,0,0,0,0,0,0,0,0,,,,,,,,,,,,,,,,,,,,,,,,,,,,,,,,,,,,,,,,,,,,,,
Potato,Jashore,Keshabpur,,,,,,,,,,,,,,,,,,,,,,,,,,,,,,,,,,,,,,,,,,,,,,,0,0,0,0,0,0.000619025,0.000943906,0,3.44147088,0,0,0,0,0,0,0,0,0,0,0,0,0,0,0,22.47212306,0,0,0,8.940566126,0,15.05998713,0,5.896870964,0,0,0,0,0,0,0,8.023339123,0,0,0,0,0,0,0,0,0,0,0,0,0,0,0,0,0,0,,,,,,,,,,,,,,,,,,,,,,,,,,,,,,,,,,,,,,,,,,,,,,
Potato,Jashore,Manirampur,,,,,,,,,,,,,,,,,,,,,,,,,,,,,,,,,,,,,,,,,,,,,,,0,0,0,0,0,1.64E-05,1.568518728,0.029379631,2.403402757,0.448308153,0,0,0,0,0,0,0,0,0,0,0,0,0,0,0,0,0,0,1.093758603,0,43.87113216,0,0,0,0,0,0,14.95756829,0,5.718786933,0,11.64806341,0,0,0,0,0,0,0,0.911942476,0,0,0,0,0,0,0,0,0,,,,,,,,,,,,,,,,,,,,,,,,,,,,,,,,,,,,,,,,,,,,,,
Potato,Jashore,Sharsha,,,,,,,,,,,,,,,,,,,,,,,,,,,,,,,,,,,,,,,,,,,,,,,0,0,0,0,0,0,3.638122044,0,0.137141814,0.655391562,0,0,0,0,0,0,0,0,0,0,0,0,0,0,0,0,0,0,0,0,40.22937473,0,0,0,0,0,0,11.62064048,0,0,0,17.70345713,0,0,0,0,0,0,0,0,0,0,0,0,0,0,0,0,0,,,,,,,,,,,,,,,,,,,,,,,,,,,,,,,,,,,,,,,,,,,,,,
Potato,Jhenaidah,Harinakundu,,,,,,,,,,,,,,,,,,,,,,,,,,,,,,,,,,,,,,,,,,,,,,,0,0,0,0,0,0,4.982734429,0,0,0.236877912,0,0,0,0,0,0,0,0,0,0,0,0,0,0,0,0,0,0,0.024263585,0,49.6738209,0,0,0,0,0,0,0,0,0,0,21.65776799,0,0,0,0,0,0,0,0,0,0,0,0,0,0,0,0,0,,,,,,,,,,,,,,,,,,,,,,,,,,,,,,,,,,,,,,,,,,,,,,
Potato,Jhenaidah,Jhenaidah Sadar,,,,,,,,,,,,,,,,,,,,,,,,,,,,,,,,,,,,,,,,,,,,,,,0,0,0,0,0,0,1.098117349,0.051346485,3.199585824,0.345251347,0,0,0,0,0,0,0,0,0,0,0,0,0,0,0,0,0,0,0,0,51.06346745,0,0,0,0,0,0,24.60504828,0,0,0,0.098271573,0,0,0,0,0,0,0,0,0,0,0,0,0,0,0,0,0,,,,,,,,,,,,,,,,,,,,,,,,,,,,,,,,,,,,,,,,,,,,,,
Potato,Jhenaidah,Kaliganj,,,,,,,,,,,,,,,,,,,,,,,,,,,,,,,,,,,,,,,,,,,,,,,0,0,0,0,0,0.001412509,1.42485531,1.09825464,2.46571494,0.30758527,0,0,0,0,0,0,0,0,0,0,0,0,0,0,0,0.765278831,0,0,0,0,57.84333435,0,0,0,0,0,0,29.20507347,0,0.177265938,0,0,0,0,0,0,0,0,0,0,0,0,0,0,0,0,0,0,0,,,,,,,,,,,,,,,,,,,,,,,,,,,,,,,,,,,,,,,,,,,,,,
Potato,Jhenaidah,Kotchandpur,,,,,,,,,,,,,,,,,,,,,,,,,,,,,,,,,,,,,,,,,,,,,,,0,0,0,0,0,0.000214677,0.216698635,0.155482124,3.955593516,0.049700525,0,0,0,0,0,0,0,0,0,0,0,0,0,0,0,0,0,0,0,0,56.40584842,0,0,0,0,0,0,28.63553369,0,4.825741824,0,0.044643735,0,0,0,0,0,0,0,1.047669443,0,0,0,0,0,0,0,0,0,,,,,,,,,,,,,,,,,,,,,,,,,,,,,,,,,,,,,,,,,,,,,,
Potato,Jhenaidah,Maheshpur,,,,,,,,,,,,,,,,,,,,,,,,,,,,,,,,,,,,,,,,,,,,,,,0,0,0,0,0,0.000431911,0.208478017,0.203012568,4.895586495,0.038334812,0,0,0,0,0,0,0,0,0,0,0,0,0,0,0,0,0,0,0,0,60.94702254,0,0,0,0,0,0,22.56626988,0,16.96104501,0,10.71689919,0,0,0,0,0,0,0,4.003841388,0,0,0,0,0,0,0,0,0,,,,,,,,,,,,,,,,,,,,,,,,,,,,,,,,,,,,,,,,,,,,,,
Potato,Jhenaidah,Shailkupa,,,,,,,,,,,,,,,,,,,,,,,,,,,,,,,,,,,,,,,,,,,,,,,0,0,0,0.020992681,0,0,2.675617213,0.056364915,1.570136585,0.787210881,0,0,0,0,0,0,0,0,0,0,0,0,0,0,0,0.028304097,0,0,0,0,48.87159876,0,0,0,0,0,0,22.72736328,0,0,0,0,0,0,0,0,0,0,0,0,0,0,0,0,0,0,0,0,0,,,,,,,,,,,,,,,,,,,,,,,,,,,,,,,,,,,,,,,,,,,,,,
Potato,Khulna,Batiaghata,,,,,,,,,,,,,,,,,,,,,,,,,,,,,,,,,,,,,,,,,,,,,,,0,0,0,0,0,0,3.284397479,5.106320205,0,0.544771156,0,0,0,0,0,0,0,0,0,0,0,0,0,0,0,0,0,0,11.58620679,0,17.81939357,0,8.792891579,0,0,0,0,0,0,15.50797678,0,0,24.84395967,0,0,0,0,0,0,0,0,0,0,0,0,0,0,0,0,,,,,,,,,,,,,,,,,,,,,,,,,,,,,,,,,,,,,,,,,,,,,,
Potato,Khulna,Dacope,,,,,,,,,,,,,,,,,,,,,,,,,,,,,,,,,,,,,,,,,,,,,,,0,0,0,0,0,0,3.907401513,5.484416121,0,0.502640939,0,0,0,0,0,0,0,0,0,0,0,0,0,0,0,0,0,0,15.56135214,0,16.65847178,1.381024102,8.329235892,0,0,0,0,0,0,17.50873416,0,0.02408072,23.70056468,0,0,0,0,0,0,0,0,0,0,0,0,0,0,0,0,,,,,,,,,,,,,,,,,,,,,,,,,,,,,,,,,,,,,,,,,,,,,,
Potato,Khulna,Dighalia,,,,,,,,,,,,,,,,,,,,,,,,,,,,,,,,,,,,,,,,,,,,,,,0,0,0,0,0,0,2.428741912,3.416212445,3.778559325,0.318139526,0,0,0,0,0,0,0,0,0,0,0,0,0,0,0,0,0,0,16.23686361,1.188234374,16.23686361,0.172879521,8.118431803,0,0,0,0,0,0,14.69923704,0,0,25.65056422,0,0,0,0,0,0,0,0,0,0,0,0,0,0,0,0,,,,,,,,,,,,,,,,,,,,,,,,,,,,,,,,,,,,,,,,,,,,,,
Potato,Khulna,Dumuria,,,,,,,,,,,,,,,,,,,,,,,,,,,,,,,,,,,,,,,,,,,,,,,0,0,0,0,0,0,4.847048828,5.476530882,0,0.874021053,0,0,0,0,0,0,0,0,0,0,0,0,0,0,0,0,0,0,13.48219566,0,14.90932313,6.189706339,7.126549993,0,0,0,0,0,0,14.31026794,0,0,28.22836463,0,0,0,0,0,0,0,0,0,0,0,0,0,0,0,0,,,,,,,,,,,,,,,,,,,,,,,,,,,,,,,,,,,,,,,,,,,,,,
Potato,Khulna,Koyra,,,,,,,,,,,,,,,,,,,,,,,,,,,,,,,,,,,,,,,,,,,,,,,0,0,0,0,0,0,2.434334444,2.780535756,0,0.345751164,0,0,0,0,0,0,0,0,0,0,0,0,0,0,0,16.16008344,0,0,0,0,35.92744159,0,0,0,0,0,0,20.33051413,0,0,0,0,0,11.91955834,0,0,0,0,0,0,0,0,0,0,0,0,0,0,0,,,,,,,,,,,,,,,,,,,,,,,,,,,,,,,,,,,,,,,,,,,,,,
Potato,Khulna,Paikgachha,,,,,,,,,,,,,,,,,,,,,,,,,,,,,,,,,,,,,,,,,,,,,,,0,0,0,0,0,0.003527162,2.612228519,1.751014299,0.353298169,0.608197383,0,0,0,0,0,0,0,0,0,0,0,0,0,0,0,9.125316322,0,0,0,0,44.20846881,0,0,0,0,0,0,23.13411321,0,0,0,0,0,0,0,0,0,0,0,0,0,0,0,0,0,0,0,0,0,,,,,,,,,,,,,,,,,,,,,,,,,,,,,,,,,,,,,,,,,,,,,,
Potato,Khulna,Phultala,,,,,,,,,,,,,,,,,,,,,,,,,,,,,,,,,,,,,,,,,,,,,,,0,0,0,0,0,0,1.460723212,2.041604635,2.481402642,0.169797495,0,0,0,0,0,0,0,0,0,0,0,0,0,0,0,23.21381868,0,0,0,0,51.48279566,0,9.6264597,0,0,0,0,33.16446006,0,0,0,3.725584254,3.725584254,0,0,0,0,0,0,0,0,0,0,0,0,0,0,0,0,,,,,,,,,,,,,,,,,,,,,,,,,,,,,,,,,,,,,,,,,,,,,,
Potato,Khulna,Rupsa,,,,,,,,,,,,,,,,,,,,,,,,,,,,,,,,,,,,,,,,,,,,,,,0,0,0,0,0,0,2.448564834,3.120744743,0,0.292793228,0,0,0,0,0,0,0,0,0,0,0,0,0,0,0,24.41981305,0,0,0,0,49.5036394,0,0,0,0,0,0,25.4339508,0,0,0,0,0,0.750478506,0,0,0,0,0,0,0,0,0,0,0,0,0,0,0,,,,,,,,,,,,,,,,,,,,,,,,,,,,,,,,,,,,,,,,,,,,,,
Potato,Khulna,Terokhada,,,,,,,,,,,,,,,,,,,,,,,,,,,,,,,,,,,,,,,,,,,,,,,0,0,0,0,0,0.001254149,2.563055116,2.740885172,0.034124419,0.401927061,0,0,0,0,0,0,0,0,0,0,0,0,0,0,0,16.65975738,0,0,0,0,55.57219136,0,0,0,0,0,0,28.51364876,0,0,0,0,0,0,0,0,0,0,0,0,0,0,0,0,0,0,0,0,0,,,,,,,,,,,,,,,,,,,,,,,,,,,,,,,,,,,,,,,,,,,,,,
Potato,Kushtia,Bheramara,,,,,,,,,,,,,,,,,,,,,,,,,,,,,,,,,,,,,,,,,,,,,,,0,0,0,0.687682512,0,0.000154138,2.411211215,0.572609249,1.086499536,0.51444335,0,0,0,0,0,0,0,0,0,0,0,0,0,0,0,6.941168229,0,0,0,0,36.6597612,0,0,0,0,0,0,18.03738476,0,0,0,2.057371412,0,0,0,0,0,0,0,0,0,0,0,0,0,0,0,0,0,,,,,,,,,,,,,,,,,,,,,,,,,,,,,,,,,,,,,,,,,,,,,,
Potato,Kushtia,Daulatpur,,,,,,,,,,,,,,,,,,,,,,,,,,,,,,,,,,,,,,,,,,,,,,,0,0,0,0,0,0,0.359835072,0.436778995,4.790259431,0.046696685,0,0,0,0,0,0,0,0,0,0,0,0,0,0,0,4.265307685,0,0,0,0,53.83950413,0,0.650423768,0,0,0,0,29.83647046,0,17.83945924,0,8.714160841,0,0,0,0,0,0,0,0.990429799,0,0,0,0,0,0,0,0,0,,,,,,,,,,,,,,,,,,,,,,,,,,,,,,,,,,,,,,,,,,,,,,
Potato,Kushtia,Khoksa,,,,,,,,,,,,,,,,,,,,,,,,,,,,,,,,,,,,,,,,,,,,,,,0,0,0,0,0,0,1.707684189,2.232819778,1.787793811,0.197670891,0,0,0,0,0,0,0,0,0,0,0,0,0,0,0,26.37040528,0,0,0,0,52.16044909,0,4.186123077,0,0,0,0,30.75772514,0,0.201280873,0,0.824640382,0.623359509,0,0,0,0,0,0,0,0,0,0,0,0,0,0,0,0,,,,,,,,,,,,,,,,,,,,,,,,,,,,,,,,,,,,,,,,,,,,,,
Potato,Kushtia,Kumarkhali,,,,,,,,,,,,,,,,,,,,,,,,,,,,,,,,,,,,,,,,,,,,,,,0,0,0,0,0,0,0.045034935,0.066084745,5.690978757,0.005858649,0,0,0,0,0,0,0,0,0,0,0,0,0,0,0,12.12891674,0,0,0,0,53.10302886,0,0.026680236,0,0,0,0,31.65164119,0,18.06694525,0,0,11.20591297,0,0,0,0,0,0,0,0,0,0,0,0,0,0,0,0,,,,,,,,,,,,,,,,,,,,,,,,,,,,,,,,,,,,,,,,,,,,,,
Potato,Kushtia,Kushtia Sadar,,,,,,,,,,,,,,,,,,,,,,,,,,,,,,,,,,,,,,,,,,,,,,,0,0,0,1.575946185,0,0,3.63324972,0.388237314,0,0.498159547,0,0,0,0,0,0,0,0,0,0,0,0,0,0,0,6.022979051,0,0,0,0,39.05872586,0,0,0,0,0,0,18.87694984,0,0,0,0.039807844,0,0,0,0,0,0,0,0,0,0,0,0,0,0,0,0,0,,,,,,,,,,,,,,,,,,,,,,,,,,,,,,,,,,,,,,,,,,,,,,
Potato,Kushtia,Mirpur,,,,,,,,,,,,,,,,,,,,,,,,,,,,,,,,,,,,,,,,,,,,,,,0,0,0,0.39832073,0,0,4.260684062,0,0.014572163,0.119477093,0,0,0,0,0,0,0,0,0,0,0,0,0,0,0,0,0,0,0,0,46.23210269,0,0,0,0,0,0,18.42105576,0,0,0,0,0,0,0,0,0,0,0,0,0,0,0,0,0,0,0,0,0,,,,,,,,,,,,,,,,,,,,,,,,,,,,,,,,,,,,,,,,,,,,,,
Potato,Magura,Magura Sadar,,,,,,,,,,,,,,,,,,,,,,,,,,,,,,,,,,,,,,,,,,,,,,,0,0,0,0,0,0,0.064443797,0.09061533,5.8118705,0.007444781,0,0,0,0,0,0,0,0,0,0,0,0,0,0,0,0.453987122,0,0,0,0,57.39824946,0,0.034893528,0,0,0,0,26.05639926,0,19.32229809,0,11.62141131,5.410339292,0,0,0,0,0,0,0,0,0,0,0,0,0,0,0,0,,,,,,,,,,,,,,,,,,,,,,,,,,,,,,,,,,,,,,,,,,,,,,
Potato,Magura,Mohammadpur,,,,,,,,,,,,,,,,,,,,,,,,,,,,,,,,,,,,,,,,,,,,,,,0,0,0,0,0,0,0.219242381,0.295891648,5.426007245,0.025957712,0,0,0,0,0,0,0,0,0,0,0,0,0,0,0,15.15785817,0,0,0,0,47.3771728,0,11.11067493,0,0,0,0,34.18443863,0,9.852966813,0,7.376606522,6.009389068,0,0,0.387309858,0,0,0,0,0,0,0,0,0,0,0,0,0,,,,,,,,,,,,,,,,,,,,,,,,,,,,,,,,,,,,,,,,,,,,,,
Potato,Magura,Shalikha,,,,,,,,,,,,,,,,,,,,,,,,,,,,,,,,,,,,,,,,,,,,,,,0,0,0,0.836475068,0,0,3.825433559,0.016113077,0.004817514,0.021597879,0,0,0,0,0,0,0,0,0,0,0,0,0,0,0,2.068057602,0,0,0,0,40.97699887,0,0,0,0,0,0,9.206872644,0,0,0,12.73420943,0,0,0,0,0,0,0,0,0,0,0,0,0,0,0,0,0,,,,,,,,,,,,,,,,,,,,,,,,,,,,,,,,,,,,,,,,,,,,,,
Potato,Magura,Sreepur,,,,,,,,,,,,,,,,,,,,,,,,,,,,,,,,,,,,,,,,,,,,,,,0,0,0,0,0,0.007541795,2.583586341,2.194640378,0,0.5263889,0,0,0,0,0,0,0,0,0,0,0,0,0,0,0,12.17367095,0,0,0,0,34.78891691,0,0,0,0,0,0,19.21139674,0,0,0,0,0,1.927909678,0,0,0,0,0,0,0,0,0,0,0,0,0,0,0,,,,,,,,,,,,,,,,,,,,,,,,,,,,,,,,,,,,,,,,,,,,,,
Potato,Meherpur,Gangni,,,,,,,,,,,,,,,,,,,,,,,,,,,,,,,,,,,,,,,,,,,,,,,0,0,0,0,0,0,0.119054661,0.162105228,5.66683698,0.013284119,0,0,0,0,0,0,0,0,0,0,0,0,0,0,0,16.49500786,0,0,0,0,44.89204942,0,3.672117166,0,0,0,0,27.20408997,0,24.90231844,0,0.015226821,0.019521028,0,0,0,0,0,0,0,0,0,0,0,0,0,0,0,0,,,,,,,,,,,,,,,,,,,,,,,,,,,,,,,,,,,,,,,,,,,,,,
Potato,Meherpur,Meherpur Sadar,,,,,,,,,,,,,,,,,,,,,,,,,,,,,,,,,,,,,,,,,,,,,,,0,0,0,0,0,0.000778848,0,0,0.351975618,2.44976606,0,0,0,0,0,0,0,0,0,0,0,0,0,0,19.60945523,0,0,0,17.03041856,0,0,0,13.03380174,2.843787438,0,0,0,0,0,0,17.8179886,0,0,0,0,0,0,0,0,0,0,0,0,0,0,0,0,0,0,,,,,,,,,,,,,,,,,,,,,,,,,,,,,,,,,,,,,,,,,,,,,,
Potato,Meherpur,Mujibnagar,,,,,,,,,,,,,,,,,,,,,,,,,,,,,,,,,,,,,,,,,,,,,,,0,0,0,0,0,0,0,0.003054016,0,2.758504675,0,0,0,0,0,0,0,0,0,0,0,0,0,8.082033627,23.33342491,0,0,0,13.48161462,0,0,0,17.96543936,0,0,0,4.995646577,0,0,13.86851711,13.86851711,0,0,0,0,0,0,0,0,0,0,0,0,0,0,0,0,0,0,,,,,,,,,,,,,,,,,,,,,,,,,,,,,,,,,,,,,,,,,,,,,,
Potato,Narail,Kalia,,,,,,,,,,,,,,,,,,,,,,,,,,,,,,,,,,,,,,,,,,,,,,,0,0,0,0,0,0.004836562,0,0.000842595,0,2.502653901,0,0,0,0,0,0,0,0,0,0,0,0,0,12.60420148,8.72866366,0,0,0,15.40362451,0,0,0,10.72086717,0,0,0,0,0,0,8.027412323,8.027412323,0,0,0,0,0,0,0,0,0,0,0,0,0,0,0,0,0,0,,,,,,,,,,,,,,,,,,,,,,,,,,,,,,,,,,,,,,,,,,,,,,
Potato,Narail,Lohagara,,,,,,,,,,,,,,,,,,,,,,,,,,,,,,,,,,,,,,,,,,,,,,,0,0,0,0,0,0.002266234,0,0.007136658,0,2.725813169,0,0,0,0,0,0,0,0,0,0,0,0,0,11.78135651,19.47656728,0,0,0,14.1031698,0,0,0,18.2944866,0,0,0,0,0,0,10.0880962,10.0880962,0,0,0,0,0,0,0,0,0,0,0,0,0,0,0,0,0,0,,,,,,,,,,,,,,,,,,,,,,,,,,,,,,,,,,,,,,,,,,,,,,
Potato,Narail,Narail Sadar,,,,,,,,,,,,,,,,,,,,,,,,,,,,,,,,,,,,,,,,,,,,,,,0,0,0,0,0,0.000944305,0,0.000273591,0.020246861,2.332509535,0,0,0,0,0,0,0,0,0,0,0,0,0,1.477526623,15.45522002,0,0,0,18.0840129,0,0,0,8.143436099,0,0,0,0.075788298,0,0,3.463299151,12.63676692,0,0,0,0,0,0,0,0,0,0,0,0,0,0,0,0,0,0,,,,,,,,,,,,,,,,,,,,,,,,,,,,,,,,,,,,,,,,,,,,,,
Potato,Satkhira,Ashashuni,,,,,,,,,,,,,,,,,,,,,,,,,,,,,,,,,,,,,,,,,,,,,,,0,0,0,0,0,0.001977701,0,0.000222818,8.33E-06,2.356374391,0,0,0,0,0,0,0,0,0,0,0,0,0,4.382305486,6.582165779,0,0,0,16.56260472,0,0,0,10.45685712,0,0,0,0,0,0,7.989265273,8.947729069,0,0,0,0,0,0,0,0,0,0,0,0,0,0,0,0,0,0,,,,,,,,,,,,,,,,,,,,,,,,,,,,,,,,,,,,,,,,,,,,,,
Potato,Satkhira,Debhata,,,,,,,,,,,,,,,,,,,,,,,,,,,,,,,,,,,,,,,,,,,,,,,0,0,0,0,0,0.000866331,0,0,0.330407072,2.39121075,0,0,0,0,0,0,0,0,0,0,0,0,0,0,19.02791144,0,0,0,20.01976372,0,0,0,10.00988186,0,0,0,0,0,0,0,17.35648566,0,0,0,0,0,0,0,0,0,0,0,0,0,0,0,0,0,0,,,,,,,,,,,,,,,,,,,,,,,,,,,,,,,,,,,,,,,,,,,,,,
Potato,Satkhira,Kalaroa,,,,,,,,,,,,,,,,,,,,,,,,,,,,,,,,,,,,,,,,,,,,,,,0,0,0,0,0,0.000431512,0,0,0.284231693,2.394979712,0,0,0,0,0,0,0,0,0,0,0,0,0,0,25.38188409,0,0,1.184024692,16.47015372,0,0.936057419,0,12.0220861,2.4863023,0,0,0,0,0,0,15.6353804,0,0,0,0,0,0,0,0,0,0,0,0,0,0,0,0,0,0,,,,,,,,,,,,,,,,,,,,,,,,,,,,,,,,,,,,,,,,,,,,,,
Potato,Satkhira,Kaliganj,,,,,,,,,,,,,,,,,,,,,,,,,,,,,,,,,,,,,,,,,,,,,,,0,0,0,0,0,0.000703425,0,0,0.093298944,2.535213334,0,0,0,0,0,0,0,0,0,0,0,0,0,0,20.90785194,0,0,0,14.39720916,0,0,0,14.10257611,3.137221701,0,0,0,0,0,0,14.94306196,0,0,0,0,0,0,0,0,0,0,0,0,0,0,0,0,0,0,,,,,,,,,,,,,,,,,,,,,,,,,,,,,,,,,,,,,,,,,,,,,,
Potato,Satkhira,Satkhira Sadar,,,,,,,,,,,,,,,,,,,,,,,,,,,,,,,,,,,,,,,,,,,,,,,0,0,0,0,0,1.73E-05,0,0.00248373,0,2.421543385,0,0,0,0,0,0,0,0,0,0,0,0,0,8.374065885,19.80325366,0,0,0,14.93064304,0,0,0,14.9686041,0,0,0,0.011879959,0,0,10.43741169,10.43741169,0,0,0,0,0,0,0,0,0,0,0,0,0,0,0,0,0,0,,,,,,,,,,,,,,,,,,,,,,,,,,,,,,,,,,,,,,,,,,,,,,
Potato,Satkhira,Shyamnagar,,,,,,,,,,,,,,,,,,,,,,,,,,,,,,,,,,,,,,,,,,,,,,,0,0,0,0,0,0,0,0.001096361,0,2.569856323,0,0,0,0,0,0,0,0,0,0,0,0,0,10.1455412,15.59739155,0,0,0,14.32553867,0,0,0,15.5544596,0,0,0,7.579208838,0,0,10.43123051,10.43123051,0,0,0,0,0,0,0,0,0,0,0,0,0,0,0,0,0,0,,,,,,,,,,,,,,,,,,,,,,,,,,,,,,,,,,,,,,,,,,,,,,
Potato,Satkhira,Tala,,,,,,,,,,,,,,,,,,,,,,,,,,,,,,,,,,,,,,,,,,,,,,,0,0,0,0,0,0.000426084,0,0,0.542286903,2.242509637,0,0,0,0,0,0,0,0,0,0,0,0,0,0,24.01695537,0,0,0,19.57400815,0,0,0,12.69582457,3.29698942,0,0,0,0,0,0,17.20227855,0,0,0,0,0,0,0,0,0,0,0,0,0,0,0,0,0,0,,,,,,,,,,,,,,,,,,,,,,,,,,,,,,,,,,,,,,,,,,,,,,
Potato,Bogura,Adamdighi,,,,,,,,,,,,,,,,,,,,,,,,,,,,,,,,,,,,,,,,,,,,,,,0,0,0,0,0,0.000671362,0,7.06E-05,0.392010685,2.235297793,0,0,0,0,0,0,0,0,0,0,0,0,0,0.169255616,21.64330105,0,0,0,21.08717586,0,0,0,10.29984195,0,0,0,0,0,0,0.190632387,18.16603391,0,0,0,0,0,0,0,0,0,0,0,0,0,0,0,0,0,0,,,,,,,,,,,,,,,,,,,,,,,,,,,,,,,,,,,,,,,,,,,,,,
Potato,Bogura,Bogura Sadar,,,,,,,,,,,,,,,,,,,,,,,,,,,,,,,,,,,,,,,,,,,,,,,0,0,0,0,0,0,0.340885596,0.092780794,8.932434071,0.120968702,0,0,0,0,0,0,0,0,0,0,0,0,0,0,0,0,0,0,4.687280443,0,29.53410722,0,9.571716649,0,0,0,0,1.020120672,0,0,0,16.39052633,20.39829753,0,0,0,0,0,0,0,0,0,0,0,0,0,0,0,0,,,,,,,,,,,,,,,,,,,,,,,,,,,,,,,,,,,,,,,,,,,,,,
Potato,Bogura,Dhunat,,,,,,,,,,,,,,,,,,,,,,,,,,,,,,,,,,,,,,,,,,,,,,,0,0,0,0,0,5.42E-05,0.120934568,0.108551373,7.577019949,0.027347188,0,0,0,0,0,0,0,0,0,0,0,0,0,0,0,0,0,0,0.162766706,0,60.32541151,0,0,0,0,0,0,0,0.628261133,0,2.857521283,27.5481123,6.175782377,0,0,0,0,0,0,0,0,0,0,0,0,0,0,0,0,,,,,,,,,,,,,,,,,,,,,,,,,,,,,,,,,,,,,,,,,,,,,,
Potato,Bogura,Dupchachia,,,,,,,,,,,,,,,,,,,,,,,,,,,,,,,,,,,,,,,,,,,,,,,0,0,0,0,0,0,0.121481525,0.107577961,9.361695515,0.028572299,0,0,0,0,0,0,0,0,0,0,0,0,0,0,0,0,0,0,1.664700834,0,41.62380286,0,0.921133256,0,0,0,0,1.02457021,0,0,0,14.97405225,26.25995808,0,0,0,0,0,0,0,0,0,0,0,0,0,0,0,0,,,,,,,,,,,,,,,,,,,,,,,,,,,,,,,,,,,,,,,,,,,,,,
Potato,Bogura,Gabtali,,,,,,,,,,,,,,,,,,,,,,,,,,,,,,,,,,,,,,,,,,,,,,,0,0,0,0,0,0,0.067063114,0.094380311,8.207613838,0.008024109,0,0,0,0,0,0,0,0,0,0,0,0,0,0,0,0,0,0,0,0,45.56522686,0,0,0,0,0,0,17.0968262,1.38627727,0,10.66415984,11.33944522,20.54369177,0,0,0,0,0,0,2.087400435,0,0,0,0,0,0,0,0,0,,,,,,,,,,,,,,,,,,,,,,,,,,,,,,,,,,,,,,,,,,,,,,
Potato,Bogura,Kahaloo,,,,,,,,,,,,,,,,,,,,,,,,,,,,,,,,,,,,,,,,,,,,,,,0,0,0,0,0,0,0.064105743,0.089717776,9.000864575,0.008208959,0,0,0,0,0,0,0,0,0,0,0,0,0,0,0,0,0,0,0,0,36.54318159,0,0,0,0,0,0,7.244340334,0.747905642,0.125336084,2.625910279,13.12496456,27.93180909,0,0,0,0,0,0,0,0,0,0,0,0,0,0,0,0,,,,,,,,,,,,,,,,,,,,,,,,,,,,,,,,,,,,,,,,,,,,,,
Potato,Bogura,Nandigram,,,,,,,,,,,,,,,,,,,,,,,,,,,,,,,,,,,,,,,,,,,,,,,0,0,0,0,0,0,0.093860607,0.125245441,9.044396852,0.012199525,0,0,0,0,0,0,0,0,0,0,0,0,0,0,0,0,0,0,0.751361232,0,37.46668623,1.065456543,0,0,0,0,0,0,0,7.011728506,0,14.88177329,29.76354659,0,0,0,0,0,0,0,0,0,0,0,0,0,0,0,0,,,,,,,,,,,,,,,,,,,,,,,,,,,,,,,,,,,,,,,,,,,,,,
Potato,Bogura,Sariakandi,,,,,,,,,,,,,,,,,,,,,,,,,,,,,,,,,,,,,,,,,,,,,,,0,0,0,0,0,0,0.095051532,0.098584457,8.749474671,0.018726436,0,0,0,0,0,0,0,0,0,0,0,0,0,0,0,0,0,0,0,0,50.2309106,0,0,0,0,0,0,0.279224855,0,0,4.802846102,16.37501544,18.38228395,0,0,0,0,0,0,0,0,0,0,0,0,0,0,0,0,,,,,,,,,,,,,,,,,,,,,,,,,,,,,,,,,,,,,,,,,,,,,,
Potato,Bogura,Shajahanpur,,,,,,,,,,,,,,,,,,,,,,,,,,,,,,,,,,,,,,,,,,,,,,,0,0,0,0,0,2.19E-05,0.100289484,0.125329275,7.635748527,0.014202007,0,0,0,0,0,0,0,0,0,0,0,0,0,0,0,0,0,0,0,0,64.19853534,0,0,0,0,0,0,0.57061562,0,0,7.431236948,16.99535563,18.08152426,0,0,0,0,0,0,2.012194788,0,0,0,0,0,0,0,0,0,,,,,,,,,,,,,,,,,,,,,,,,,,,,,,,,,,,,,,,,,,,,,,
Potato,Bogura,Sherpur,,,,,,,,,,,,,,,,,,,,,,,,,,,,,,,,,,,,,,,,,,,,,,,0,0,0,0,0,0,0.095427563,0.097024358,9.11484047,0.019508769,0,0,0,0,0,0,0,0,0,0,0,0,0,0,0,0,0,0,0,0,44.35511298,0,0,0,0,0,0,0.219415512,0,1.156808702,0,15.71586815,24.39560326,0,0,0,0,0,0,0,0,0,0,0,0,0,0,0,0,,,,,,,,,,,,,,,,,,,,,,,,,,,,,,,,,,,,,,,,,,,,,,
Potato,Bogura,Shibganj,,,,,,,,,,,,,,,,,,,,,,,,,,,,,,,,,,,,,,,,,,,,,,,0,0,0,0,0,0.000140109,0,0,1.730804819,1.398926771,0,0,0,0,0,0,0,0,0,0,0,0,0,0,33.95390581,0.004121586,0,0,14.4743237,0,14.0176759,0,7.028288516,0.072958385,0,0,0,0,0,0,20.16025468,0,0,0,0,0,0,0,0,0,0,0,0,0,0,0,0,0,0,,,,,,,,,,,,,,,,,,,,,,,,,,,,,,,,,,,,,,,,,,,,,,
Potato,Bogura,Sonatala,,,,,,,,,,,,,,,,,,,,,,,,,,,,,,,,,,,,,,,,,,,,,,,0,0,0,0,0,0.000133758,0,0,1.34994854,2.730677633,0,0,0,0,0,0,0,0,0,0,0,0,0,0,33.6456059,1.076809508,0,0,18.98979755,0,6.16409226,0,9.260665793,1.809384549,0,0,0,0,0,0,19.30862682,0,0,0,0,0,0,0,0,0,0,0,0,0,0,0,0,0,0,,,,,,,,,,,,,,,,,,,,,,,,,,,,,,,,,,,,,,,,,,,,,,
Potato,Chapainababganj,Bholahat,,,,,,,,,,,,,,,,,,,,,,,,,,,,,,,,,,,,,,,,,,,,,,,0,0,0,0,0,0.742133758,0,0,1.043045716,1.044818828,0,0,0,0,0,0,0,0,0,0,0,0,0,0,24.66287403,0,0,2.415094625,11.49743368,0,11.905801,0,6.594419182,0,0,0,0,0,0,0,10.67600993,0,0,0,0,0,0,0,0,0,0,0,0,0,0,0,0,0,0,,,,,,,,,,,,,,,,,,,,,,,,,,,,,,,,,,,,,,,,,,,,,,
Potato,Chapainababganj,Chapainawabganj Sadar,,,,,,,,,,,,,,,,,,,,,,,,,,,,,,,,,,,,,,,,,,,,,,,0,0,0,0,0,0.000227638,0,0,0.71383269,1.792548254,0,0,0,0,0,0,0,0,0,0,0,0,0,0,30.19361502,0,0,0,15.55896983,0,8.17073446,0,8.178174148,0.293070102,0,0,0,0,0,0,16.02441271,0,0,0,0,0,0,0,0,0,0,0,0,0,0,0,0,0,0,,,,,,,,,,,,,,,,,,,,,,,,,,,,,,,,,,,,,,,,,,,,,,
Potato,Chapainababganj,Gomastapur,,,,,,,,,,,,,,,,,,,,,,,,,,,,,,,,,,,,,,,,,,,,,,,0,0,0,0,0,0.000245019,0,0,1.482228222,3.361793543,0,0,0,0,0,0,0,0,0,0,0,0,0,0,32.57109242,0,0,0,17.82719831,0,2.099109771,0,12.79592008,5.604162715,0,0,0,0,0,0,16.17693444,0,0,0,0,0,0,0,0,0,0,0,0,0,0,0,0,0,0,,,,,,,,,,,,,,,,,,,,,,,,,,,,,,,,,,,,,,,,,,,,,,
Potato,Chapainababganj,Nachole,,,,,,,,,,,,,,,,,,,,,,,,,,,,,,,,,,,,,,,,,,,,,,,0,0,0,0,0,0.000633386,1.97E-05,0,3.656798882,0.382946414,0,0,0,0,0,0,0,0,0,0,0,0,0,0,26.00947759,0,0,0,11.58844511,0,14.00925845,0,4.686146339,0,0,0,0,0,0,0,14.20233001,0,0,0,0,0,0,0,0,0,0,0,0,0,0,0,0,0,0,,,,,,,,,,,,,,,,,,,,,,,,,,,,,,,,,,,,,,,,,,,,,,
Potato,Chapainababganj,Shibganj,,,,,,,,,,,,,,,,,,,,,,,,,,,,,,,,,,,,,,,,,,,,,,,0,0,0,0,0,0.000179637,0,0,1.741058717,3.675097022,0,0,0,0,0,0,0,0,0,0,0,0,0,0,38.82980993,1.090236875,0,0,17.34259726,0,0.422076846,0,18.54563291,0.006371013,0,0,0,0,0,0,21.15591782,0,0,0,0,0,0,0,0,0,0,0,0,0,0,0,0,0,0,,,,,,,,,,,,,,,,,,,,,,,,,,,,,,,,,,,,,,,,,,,,,,
Potato,Joypurhat,Akkelpur,,,,,,,,,,,,,,,,,,,,,,,,,,,,,,,,,,,,,,,,,,,,,,,0,0,0,0,0,0.00012846,0,0,2.766478167,1.888106913,0,0,0,0,0,0,0,0,0,0,0,0,0,0,29.72757567,0.341519337,11.43382424,0,21.13616447,0,23.0918902,0,0,0,0,0,0,0,0,0,22.86252383,0,0,0,0,0,0,0,0,0,0,0,0,0,0,0,0,0,0.197490784,,,,,,,,,,,,,,,,,,,,,,,,,,,,,,,,,,,,,,,,,,,,,,
Potato,Joypurhat,Joypurhat Sadar,,,,,,,,,,,,,,,,,,,,,,,,,,,,,,,,,,,,,,,,,,,,,,,0,0,0,0,0,0.00013057,0,0,2.188611071,2.106038876,0,0,0,0,0,0,0,0,0,0,0,0,0,0,33.17731975,5.7806521,0.145842296,0,16.67868043,0,19.35316327,0,4.291811412,0,0,0,0,0,0,0,23.00412544,0,0,0,0,0,0,0,0,0,0,0,0,0,0,0,0,0,0,,,,,,,,,,,,,,,,,,,,,,,,,,,,,,,,,,,,,,,,,,,,,,
Potato,Joypurhat,Kalai,,,,,,,,,,,,,,,,,,,,,,,,,,,,,,,,,,,,,,,,,,,,,,,0,0,0,0,0,0.000507844,0.000161518,0,4.494172421,0.077270335,0,0,0,0,0,0,0,0,0,0,0,0,0,0,30.99804226,0,1.909844436,0,15.30184702,0,22.18091575,0,0.039983604,0,0,0,0,0,0,0,6.145009888,0,0,0,0,0,0,0,0,0,0,0,0,0,0,0,0,0,0,,,,,,,,,,,,,,,,,,,,,,,,,,,,,,,,,,,,,,,,,,,,,,
Potato,Joypurhat,Khetlal,,,,,,,,,,,,,,,,,,,,,,,,,,,,,,,,,,,,,,,,,,,,,,,0,0,0,0,0,0.000412617,0.001053535,0.000183437,4.153412974,0,0,0,0,0,0,0,0,0,0,0,0,0,0,0,22.68819568,11.26174239,6.292528765,0,11.37757473,0,35.10941308,0,1.224959743,0,0,0,0,0,0,0.073989909,0.682328807,0,0,0,0,0,0,0,0,0,0,0,0,0,0,0,3.041977916,0,0.916261192,,,,,,,,,,,,,,,,,,,,,,,,,,,,,,,,,,,,,,,,,,,,,,
Potato,Joypurhat,Panchbibi,,,,,,,,,,,,,,,,,,,,,,,,,,,,,,,,,,,,,,,,,,,,,,,0,0,0,0,0,0.00024052,0.000452201,2.33E-05,3.96485679,0,0,0,0,0,0,0,0,0,0,0,0,0,0,0,21.30922748,4.918061405,0,0,10.94297217,0,19.09507027,0,2.205950659,0,0,0,0,0,0,0.368290258,4.307148974,0,9.741397007,0,0,0,0,0,0,0,0,0,0,0,0,0,0,0,0,,,,,,,,,,,,,,,,,,,,,,,,,,,,,,,,,,,,,,,,,,,,,,
Potato,Naogaon,Atrai,,,,,,,,,,,,,,,,,,,,,,,,,,,,,,,,,,,,,,,,,,,,,,,0,0,0,0,0,0.000304432,0.000366216,0,4.067440601,0.000104792,0,0,0,0,0,0,0,0,0,0,0,0,0,0,30.70692954,0.264536954,0.632977775,0,15.2727912,0,22.90918621,0,0.020513902,0,0,0,0,0,0,0,1.242449221,0,2.889025253,0,0,0,0,0,0,0,0,0,0,0,0,0,0,0,0,,,,,,,,,,,,,,,,,,,,,,,,,,,,,,,,,,,,,,,,,,,,,,
Potato,Naogaon,Badalgachhi,,,,,,,,,,,,,,,,,,,,,,,,,,,,,,,,,,,,,,,,,,,,,,,0,0,0,0,0,0.000297282,0.000931691,0.000950994,4.397478593,0,0,0,0,0,0,0,0,0,0,0,0,0,0,0,17.408451,10.73844839,0,0,1.546735907,0,33.0469206,0,0,0,0,0,0,0,0,0.711387314,13.18041763,0,0.340741906,0,0,0,0,0,0,0,0,0,0,0,0,0,0,0,0,,,,,,,,,,,,,,,,,,,,,,,,,,,,,,,,,,,,,,,,,,,,,,
Potato,Naogaon,Dhamoirhat,,,,,,,,,,,,,,,,,,,,,,,,,,,,,,,,,,,,,,,,,,,,,,,0,0,0,0,0,0,3.715722316,5.419704164,0,0.498674873,0,0,0,0,0,0,0,0,0,0,0,0,0,0,0,0,0,0,8.994596005,0,21.72759757,1.175283944,6.234445853,0,0,0,0,0,0,22.70308121,0,3.132724661,16.49452323,0,0,0,0,0,0,0,0,0,0,0,0,0,0,0,0,,,,,,,,,,,,,,,,,,,,,,,,,,,,,,,,,,,,,,,,,,,,,,
Potato,Naogaon,Mahadebpur,,,,,,,,,,,,,,,,,,,,,,,,,,,,,,,,,,,,,,,,,,,,,,,0,0,0,0,0,0,4.179599855,5.354415479,0.017244059,0.58461548,0,0,0,0,0,0,0,0,0,0,0,0,0,0,0,0,0,0,9.03294521,0,20.33114277,8.225273362,1.427958257,0,0,0,0,0,0,16.51492945,0,9.98442724,20.46618495,0,0,0,0,0,0,0,0,0,0,0,0,0,0,0,0,,,,,,,,,,,,,,,,,,,,,,,,,,,,,,,,,,,,,,,,,,,,,,
Potato,Naogaon,Manda,,,,,,,,,,,,,,,,,,,,,,,,,,,,,,,,,,,,,,,,,,,,,,,0,0,0,0,0,0.000662406,5.494174341,4.246943461,0,1.426659313,0,0,0,0,0,0,0,0,0,0,0,0,0,0,0,0,0,0,14.91019931,0,20.9597873,8.316900454,0,0,0,0,0,0,0,13.48644517,0,10.18620983,26.97289034,0,0,0,0,0,0,0,0,0,0,0,0,0,0,0,0,,,,,,,,,,,,,,,,,,,,,,,,,,,,,,,,,,,,,,,,,,,,,,
Potato,Naogaon,Naogaon Sadar,,,,,,,,,,,,,,,,,,,,,,,,,,,,,,,,,,,,,,,,,,,,,,,0,0,0,0,0,0,4.828024235,5.423205041,0,0.863690566,0,0,0,0,0,0,0,0,0,0,0,0,0,0,0,0,0,0,10.14724858,0,17.62085867,8.900842204,4.73218941,0,0,0,0,0,0,12.93336182,0,6.669482908,25.86672363,0,0,0,0,0,0,0,0,0,0,0,0,0,0,0,0,,,,,,,,,,,,,,,,,,,,,,,,,,,,,,,,,,,,,,,,,,,,,,
Potato,Naogaon,Niamatpur,,,,,,,,,,,,,,,,,,,,,,,,,,,,,,,,,,,,,,,,,,,,,,,0,0,0,0,0,0,6.220710838,3.475448509,0.472447103,1.954052778,0,0,0,0,0,0,0,0,0,0,0,0,0,0,0,0,0,0,13.72851777,0,17.17016196,4.739271098,5.441242857,0,0,0,0,0,0,13.99074773,0,0,27.98149547,0,0,0,0,0,0,0.430362127,0,0,0,0,0,0,0,0,0,,,,,,,,,,,,,,,,,,,,,,,,,,,,,,,,,,,,,,,,,,,,,,
Potato,Naogaon,Patnitala,,,,,,,,,,,,,,,,,,,,,,,,,,,,,,,,,,,,,,,,,,,,,,,0,0,0,0,0,0,3.101841655,4.593602978,1.065083664,0.433600731,0,0,0,0,0,0,0,0,0,0,0,0,0,0,0,0,0,0,8.699135764,0,31.48156484,0.39085147,0.251921593,0,0,0,0,0,0,17.30133542,0,3.915578058,21.46931504,0,0,0,0,0,0,0,0,0,0,0,0,0,0,0,0,,,,,,,,,,,,,,,,,,,,,,,,,,,,,,,,,,,,,,,,,,,,,,
Potato,Naogaon,Porsha,,,,,,,,,,,,,,,,,,,,,,,,,,,,,,,,,,,,,,,,,,,,,,,0,0,0,0,0,0,0,0.000205828,4.851082759,0.000296361,0,0,0,0,0,0,0,0,0,0,0,0,0,0,0,1.442212845,0,0,4.62188791,0,71.46353911,0,0,0,0,0,0,0,0,2.504080551,0,0,92.58562717,0,20.89718089,1.371433111,0,0,0,0,0,0,0,0,0,0,25.12812141,2.511598777,25.2871787,,,,,,,,,,,,,,,,,,,,,,,,,,,,,,,,,,,,,,,,,,,,,,
Potato,Naogaon,Raninagar,,,,,,,,,,,,,,,,,,,,,,,,,,,,,,,,,,,,,,,,,,,,,,,0,0,0,0,0,0,0,0.000335835,4.160703116,0.000776588,0,0,0,0,0,0,0,0,0,0,0,0,0,0,0,5.494315743,0,0,0,0,73.65400179,0,0,0,0,0,0,0,0,0,0,0,81.22784657,0,15.12495902,7.550066329,0,0,0,0,0,0,0,0,0,0,6.552872211,0,25.95739262,,,,,,,,,,,,,,,,,,,,,,,,,,,,,,,,,,,,,,,,,,,,,,
Potato,Naogaon,Sapahar,,,,,,,,,,,,,,,,,,,,,,,,,,,,,,,,,,,,,,,,,,,,,,,0,0,0,0,0,0,4.18E-07,0.000864599,4.32762095,0.000885294,0,0,0,0,0,0,0,0,0,0,0,0,0,0,0,0,0,0,0,0,82.29018217,0,0,0,0,0,0,0,0,0,0,0,75.56166422,0.960271676,2.414253622,17.20741477,0,0,0,0,0,0,0,0,0,0,0,0,22.19669488,,,,,,,,,,,,,,,,,,,,,,,,,,,,,,,,,,,,,,,,,,,,,,
Potato,Natore,Bagatipara,,,,,,,,,,,,,,,,,,,,,,,,,,,,,,,,,,,,,,,,,,,,,,,0,0,0,0,0,0.009294179,0,0.000968069,3.888798107,0,0,0,0,0,0,0,0,0,0,0,0,0,0,0,0,30.3766956,0,0,0,0,54.40460686,0,0,0,0,0,0,0,33.64757877,1.455240046,0,0,1.999868697,0,19.05130518,0,0,0,0,0,0,0,0,0,0,0,23.61854957,0.810657895,16.30888503,,,,,,,,,,,,,,,,,,,,,,,,,,,,,,,,,,,,,,,,,,,,,,
Potato,Natore,Baraigram,,,,,,,,,,,,,,,,,,,,,,,,,,,,,,,,,,,,,,,,,,,,,,,0,0,0,0,0,0,0.000383841,0.000144295,3.994504581,0,0,0,0,0,0,0,0,0,0,0,0,0,0,0,0,16.05485822,24.2973739,1.707411552,3.606298736,0,66.04540452,0,0,0,0,0,0,0,0,50.42925566,2.092051375,0,13.38063771,0,21.44244541,0,0,0,0,0,0.778719618,0,0,0,0,0,29.2143833,23.84207893,27.81393836,,,,,,,,,,,,,,,,,,,,,,,,,,,,,,,,,,,,,,,,,,,,,,
Potato,Natore,Gurudaspur,,,,,,,,,,,,,,,,,,,,,,,,,,,,,,,,,,,,,,,,,,,,,,,0,0,0,0,0,0,0,6.18E-06,2.91431974,0,0,0,0,0,0,0,0,0,0,0,0,0,0,0,0,28.75345217,0,0,0,0,64.13225333,0,0,0,0,0,0,1.658933415,0.856973329,33.59515173,0,0,27.7571285,0,24.25002817,0,0,0,0,0,0,0,0,0,0,0,32.63367686,0.642938521,30.85098636,,,,,,,,,,,,,,,,,,,,,,,,,,,,,,,,,,,,,,,,,,,,,,
Potato,Natore,Lalpur,,,,,,,,,,,,,,,,,,,,,,,,,,,,,,,,,,,,,,,,,,,,,,,0,0,0,0,0,1.84E-05,0,0.000324888,3.538185014,0.000371796,0,0,0,0,0,0,0,0,0,0,0,0,0,0,0,24.2813979,0,0,0,0,50.78000868,0,0,0,0,0,0,7.521786599,0,2.474117197,0,0,56.13597819,0,17.19771337,0.816226674,0,0,0,0,0,0,0,0,0,0,1.507986584,2.466150904,31.28980122,,,,,,,,,,,,,,,,,,,,,,,,,,,,,,,,,,,,,,,,,,,,,,
Potato,Natore,Naldanga,,,,,,,,,,,,,,,,,,,,,,,,,,,,,,,,,,,,,,,,,,,,,,,0,0,0,0,0,0.000357603,0,0.000273281,3.387356504,0,0,0,0,0,0,0,0,0,0,0,0,0,0,0,0,30.81775349,0,0,0,0,52.88130996,0,0,0,0,0,0,0.830753945,7.616406104,30.77743471,0,0,11.54306877,0,22.11757486,0,0,0,0,0,0,0,0,0,0,0,18.57841106,5.380770939,23.45892793,,,,,,,,,,,,,,,,,,,,,,,,,,,,,,,,,,,,,,,,,,,,,,
Potato,Natore,Natore Sadar,,,,,,,,,,,,,,,,,,,,,,,,,,,,,,,,,,,,,,,,,,,,,,,0,0,0,0,0,0,0,0.000887963,3.826374265,0.001548347,0,0,0,0,0,0,0,0,0,0,0,0,0,0,0,9.796409363,0,0,0,0,72.06267984,0,0,0,0,0,0,0,0,0,0,0,72.13678315,0,7.279447007,12.33476622,0,0,0,0,0,0,0,0,0,0,0,0,16.29292879,,,,,,,,,,,,,,,,,,,,,,,,,,,,,,,,,,,,,,,,,,,,,,
Potato,Natore,Singra,,,,,,,,,,,,,,,,,,,,,,,,,,,,,,,,,,,,,,,,,,,,,,,0,0,0,0,0,0,0,9.36E-05,3.905595927,0,0,0,0,0,0,0,0,0,0,0,0,0,0,0,0,8.25244289,0.027040245,0,10.82971326,0,68.33068361,0,0,0,0,0,0,0,0,18.12337591,0,0,68.29211118,0,24.12134736,0,0,0,0,0,0.016311571,0,0,0,0,0,28.61057164,15.6493287,24.10864461,,,,,,,,,,,,,,,,,,,,,,,,,,,,,,,,,,,,,,,,,,,,,,
Potato,Pabna,Atgharia,,,,,,,,,,,,,,,,,,,,,,,,,,,,,,,,,,,,,,,,,,,,,,,0,0,0,0,0,0,0,7.93E-05,2.97741206,1.63E-05,0,0,0,0,0,0,0,0,0,0,0,0,0,0,0,15.30487203,0,0,0,0,65.8149064,0,0,0,0,0,0,3.409318276,0,4.865610884,0,0,76.88778309,0,23.18442095,0.255397773,0,0,0,0,0,0,0,0,0,0,17.39798338,0,34.16230389,,,,,,,,,,,,,,,,,,,,,,,,,,,,,,,,,,,,,,,,,,,,,,
Potato,Pabna,Bera,,,,,,,,,,,,,,,,,,,,,,,,,,,,,,,,,,,,,,,,,,,,,,,0,0,0,0,0,0.003195593,0,0.00059322,3.592990179,0.000132112,0,0,0,0,0,0,0,0,0,0,0,0,0,0,0,21.3722309,0,0,0,0,51.11451441,0,0,0,0,0,0,1.298621105,2.96548312,0,0,0,49.90655754,0,17.63128161,0,0,0,0,0,0,0,0,0,0,0,0.131115351,11.27861146,16.33195198,,,,,,,,,,,,,,,,,,,,,,,,,,,,,,,,,,,,,,,,,,,,,,
Potato,Pabna,Bhangura,,,,,,,,,,,,,,,,,,,,,,,,,,,,,,,,,,,,,,,,,,,,,,,0,0,0,0,0,0,0.00014445,7.36E-05,3.276726985,0,0,0,0,0,0,0,0,0,0,0,0,0,0,0,0,22.22514997,20.05209255,0,0,0,63.34728067,0,0,0,0,0,0,0,12.96071641,42.87039327,0,0,0.874010555,0,23.17052682,0,0,0,0,0,0,0,0,0,0,0,27.30062647,8.867622758,30.76672841,,,,,,,,,,,,,,,,,,,,,,,,,,,,,,,,,,,,,,,,,,,,,,
Potato,Pabna,Chatmohar,,,,,,,,,,,,,,,,,,,,,,,,,,,,,,,,,,,,,,,,,,,,,,,0,0,0,0.126325196,0,0,0,5.16E-05,0.540988414,2.455373346,0,0,0,0,0,0,0,0,0,0,0,0,0,6.253288159,24.62996983,5.553367784,0,0.473196542,14.40383584,0,1.952152174,0,17.06009816,0,0,0,0,0,0,26.06120507,13.1682957,0,0,13.1682957,2.45146659,0,10.19028132,0,0,0,0,0,0,0,0,0,0,0,0,,,,,,,,,,,,,,,,,,,,,,,,,,,,,,,,,,,,,,,,,,,,,,
Potato,Pabna,Faridpur,,,,,,,,,,,,,,,,,,,,,,,,,,,,,,,,,,,,,,,,,,,,,,,0,0,1.425684399,0,0,7.32E-05,0,0,0.923043962,2.683052206,0,0,0,0,0,0,0,0,0,0,0,0,0,0,38.81881202,10.01259268,0,0,19.15825962,0,1.055793139,0,19.66082448,0,0,0,0,0,0,0,28.75633293,0,0,0,0,0,0,0,0,0,0,0,0,0,0,0,0,0,0,,,,,,,,,,,,,,,,,,,,,,,,,,,,,,,,,,,,,,,,,,,,,,
Potato,Pabna,Ishwardi,,,,,,,,,,,,,,,,,,,,,,,,,,,,,,,,,,,,,,,,,,,,,,,0,0,3.802449582,0,0,0,0,2.31E-06,0.039125873,0.300387098,0,0,0,0,0,0,0,0,0,0,0,0,0,1.334441736,41.22842515,0,0,0,16.77521291,0,0,0,18.57856945,0,0,0,0,0,0,6.789227018,38.12301256,0,0,0,0,0,0.184470988,0,0,0,0,0,0,0,0,0,0,0,0,,,,,,,,,,,,,,,,,,,,,,,,,,,,,,,,,,,,,,,,,,,,,,
Potato,Pabna,Pabna Sadar,,,,,,,,,,,,,,,,,,,,,,,,,,,,,,,,,,,,,,,,,,,,,,,0,0,0.275277556,0.331598543,0,0,0,1.33E-05,0.159001909,2.954219319,0,0,0,0,0,0,0,0,0,0,0,0,0,9.837328647,32.81720425,1.353344925,0,0.253565435,13.60875644,0,0,0,22.86562986,0,0,0,0,0,0,21.66872447,19.81612029,0,0,6.3225558,0,0,9.202258947,0,0,0,0,0,0,0,0,0,0,0,0,,,,,,,,,,,,,,,,,,,,,,,,,,,,,,,,,,,,,,,,,,,,,,
Potato,Pabna,Santhia,,,,,,,,,,,,,,,,,,,,,,,,,,,,,,,,,,,,,,,,,,,,,,,0,0,0.018855326,0.108356511,0,0,0,0,0,3.022939986,0,0,0,0,0,0,0,0,0,0,0,0,0,7.5026074,29.31610221,0,0,0,14.10077656,0,0,0,19.11836603,0,0,0,0,0,0,22.5120704,20.31949221,0,0,4.970873108,0,0,9.368717188,0,0,0,0,0,0,0,0,0,0,0,0,,,,,,,,,,,,,,,,,,,,,,,,,,,,,,,,,,,,,,,,,,,,,,
Potato,Pabna,Sujanagar,,,,,,,,,,,,,,,,,,,,,,,,,,,,,,,,,,,,,,,,,,,,,,,0,0,0.406414574,0,0,2.13E-05,0,8.54E-05,1.220975549,2.813429367,0,0,0,0,0,0,0,0,0,0,0,0,0,4.066186257,31.99132068,0,0,0,14.86094637,0,0,0,17.21893056,0,0,0,0,0,0,1.563674986,38.51713892,0,0,0,0,0,0,0,0,0,0,0,0,0,0,0,0,0,0,,,,,,,,,,,,,,,,,,,,,,,,,,,,,,,,,,,,,,,,,,,,,,
Potato,Rajshahi,Bagha,,,,,,,,,,,,,,,,,,,,,,,,,,,,,,,,,,,,,,,,,,,,,,,0,0,0,0,0,0.000117898,0,0,1.616800543,3.227539544,0,0,0,0,0,0,0,0,0,0,0,0,0,0,31.68961373,14.89871631,0,0,13.88886286,0,12.34079184,0,17.82446728,0,0,0,0,0,0,0,26.39031379,0,0,0,0,0,0,0,0,0,0,0,0,0,0,0,0,0,0,,,,,,,,,,,,,,,,,,,,,,,,,,,,,,,,,,,,,,,,,,,,,,
Potato,Rajshahi,Bagmara,,,,,,,,,,,,,,,,,,,,,,,,,,,,,,,,,,,,,,,,,,,,,,,0,0,0.758215263,0,0,6.54E-05,0,3.78E-06,0.930208075,2.193887875,0,0,0,0,0,0,0,0,0,0,0,0,0,0.424736989,36.43592285,13.77593352,0,0,22.83535222,0,3.339018674,0,17.1442077,0,0,0,0,0,0,9.705079451,22.38131469,0,0.802881803,0,0,0,0,0,0,0,0,0,0,0,0,0,0,0,0,,,,,,,,,,,,,,,,,,,,,,,,,,,,,,,,,,,,,,,,,,,,,,
Potato,Rajshahi,Charghat,,,,,,,,,,,,,,,,,,,,,,,,,,,,,,,,,,,,,,,,,,,,,,,0,0,2.743150277,0,0,5.67E-05,0,1.11E-05,0.597282774,1.364655026,0,0,0,0,0,0,0,0,0,0,0,0,0,1.244604577,41.20957047,2.504457772,0,0,19.18740876,0,0,0,15.51606122,0,0,0,0,0,0,3.79706568,35.64985935,0,0,0,0,0,0,0,0,0,0,0,0,0,0,0,0,0,0,,,,,,,,,,,,,,,,,,,,,,,,,,,,,,,,,,,,,,,,,,,,,,
Potato,Rajshahi,Durgapur,,,,,,,,,,,,,,,,,,,,,,,,,,,,,,,,,,,,,,,,,,,,,,,0,0,0,0,0,0,0.210479984,2.779617613,0,2.268943397,0,0,0,0,0,0,0,0,0,0,0,0,0,0,0,0,0,0,0.113188231,0,17.40715909,0,6.568426832,0,0,0,0,0,0,5.007661548,0,0,31.61666648,0,0,0,0,0,0,0,0,0,0,0,0,0,0,0,0,,,,,,,,,,,,,,,,,,,,,,,,,,,,,,,,,,,,,,,,,,,,,,
Potato,Rajshahi,Godagari,,,,,,,,,,,,,,,,,,,,,,,,,,,,,,,,,,,,,,,,,,,,,,,0,0,0,0,0,0,0.536921877,2.75318638,0.119444956,1.889847646,0,0,0,0,0,0,0,0,0,0,0,0,0,0,0,0,0,0.824443904,2.327475483,0,18.36533208,0,9.170085365,0.006744839,0,0,0,0,0,10.76608589,0,0,24.23238998,0,0,0,0,0,0,0,0,0,0,0,0,0,0,0,0,,,,,,,,,,,,,,,,,,,,,,,,,,,,,,,,,,,,,,,,,,,,,,
Potato,Rajshahi,Mohanpur,,,,,,,,,,,,,,,,,,,,,,,,,,,,,,,,,,,,,,,,,,,,,,,0,0,0,0,0,0,2.318026467,3.803566142,2.428705677,0.530135399,0,0,0,0,0,0,0,0,0,0,0,0,0,0,0,0,0,0,11.02599869,0,33.15430808,0,0,0,0,0,0,0,0,0.74146385,0,0,42.07661576,0,0,0,0,0,0,0,0,0,0,0,0,0,0,0,0,,,,,,,,,,,,,,,,,,,,,,,,,,,,,,,,,,,,,,,,,,,,,,
Potato,Rajshahi,Paba,,,,,,,,,,,,,,,,,,,,,,,,,,,,,,,,,,,,,,,,,,,,,,,0,0,0,0,0,0,2.903302779,5.47151053,0.002611111,1.188677714,0,0,0,0,0,0,0,0,0,0,0,0,0,0,0,0,0,0,8.665827353,0,35.85028585,0,1.352283356,0,0,0,0,0,0,4.593911606,0,0,39.45388411,0,0,0,0,0,0,0,0,0,0,0,0,0,0,0,0,,,,,,,,,,,,,,,,,,,,,,,,,,,,,,,,,,,,,,,,,,,,,,
Potato,Rajshahi,Puthia,,,,,,,,,,,,,,,,,,,,,,,,,,,,,,,,,,,,,,,,,,,,,,,0,0,0,0,0,0,2.981924054,5.261628091,0,0.950533695,0,0,0,0,0,0,0,0,0,0,0,0,0,0,0,0,0,0,8.002616451,0,23.86216754,0,7.439308942,0,0,0,0,0,0,16.1424991,0,0,25.48810496,0,0,0,0,0,0,0,0,0,0,0,0,0,0,0,0,,,,,,,,,,,,,,,,,,,,,,,,,,,,,,,,,,,,,,,,,,,,,,
Potato,Rajshahi,Tanore,,,,,,,,,,,,,,,,,,,,,,,,,,,,,,,,,,,,,,,,,,,,,,,0,0,0,0,0,0,2.210490069,4.651793307,0,1.24751925,0,0,0,0,0,0,0,0,0,0,0,0,0,0,0,0,0,0,7.658199488,0,18.1089727,0,7.927769053,0,0,0,0,0,0,13.45710104,0,0,27.192452,0,0,0,0,0,0,0,0,0,0,0,0,0,0,0,0,,,,,,,,,,,,,,,,,,,,,,,,,,,,,,,,,,,,,,,,,,,,,,
Potato,Sirajganj,Belkuchi,,,,,,,,,,,,,,,,,,,,,,,,,,,,,,,,,,,,,,,,,,,,,,,0,0,0,0.156978422,0,0,0,0.000112002,0.364024924,3.23606583,0,0,0,0,0,0,0,0,0,0,0,0,0,0.259698386,29.99376498,0,0,0,15.04291181,0,0,0,15.04291181,0,0,0,0,0,0,11.84803193,20.5056165,0,0,11.84803193,0,0,0.024271646,0,0,0,0,0,0,0,0,0,0,0,0,,,,,,,,,,,,,,,,,,,,,,,,,,,,,,,,,,,,,,,,,,,,,,
Potato,Sirajganj,Chouhali,,,,,,,,,,,,,,,,,,,,,,,,,,,,,,,,,,,,,,,,,,,,,,,0,0,0,0.388402436,0,0,0,9.31E-05,0.020718575,3.265956061,0,0,0,0,0,0,0,0,0,0,0,0,0,2.488758195,27.38488213,0,0,0,14.761576,0,1.823438232,0,14.761576,0,0,0,0,0,0,14.70480903,27.38204219,0,0,1.894947271,0,0,0,0,0,0,0,0,0,0,0,0,0,0,0,,,,,,,,,,,,,,,,,,,,,,,,,,,,,,,,,,,,,,,,,,,,,,
Potato,Sirajganj,Kamarkhanda,,,,,,,,,,,,,,,,,,,,,,,,,,,,,,,,,,,,,,,,,,,,,,,0,0,0,0.746461574,0,0,0,3.51E-05,0.082466036,3.311231859,0,0,0,0,0,0,0,0,0,0,0,0,0,0.991855131,29.1621552,0,0,0,15.42764862,0,0,0,15.42764862,0,0,0,0,0,0,11.18151408,18.40054056,0,0,10.16540938,0,0,0,0,0,0,0,0,0,0,0,0,0,0,0,,,,,,,,,,,,,,,,,,,,,,,,,,,,,,,,,,,,,,,,,,,,,,
Potato,Sirajganj,Kazipur,,,,,,,,,,,,,,,,,,,,,,,,,,,,,,,,,,,,,,,,,,,,,,,0,0,0.553655269,0,0,0,0,7.13E-05,0.497200238,2.733448976,0,0,0,0,0,0,0,0,0,0,0,0,0,0.313215762,32.25400761,0,0,0,15.37915224,0,0,0,15.64949507,0,0,0,0,0,0,7.747086615,29.98553188,0,0,5.767510675,0,0,0.589079334,0,0,0,0,0,0,0,0,0,0,0,0,,,,,,,,,,,,,,,,,,,,,,,,,,,,,,,,,,,,,,,,,,,,,,
Potato,Sirajganj,Rayganj,,,,,,,,,,,,,,,,,,,,,,,,,,,,,,,,,,,,,,,,,,,,,,,0,0,0,0.142564685,0,0,0,0,2.660795196,0.318620876,0,0,0,0,0,0,0,0,0,0,0,0,0,4.518696406,27.4772676,0,0,0,15.57427911,0,3.124696339,0,15.07431556,0,0,0,0,0,0,17.49329309,36.58139067,0,0,0,0,0,0,0,0,0,0,0,0,0,0,0,0,0,0,,,,,,,,,,,,,,,,,,,,,,,,,,,,,,,,,,,,,,,,,,,,,,
Potato,Sirajganj,Shahjadpur,,,,,,,,,,,,,,,,,,,,,,,,,,,,,,,,,,,,,,,,,,,,,,,0,0,0,0,0,0,0.010988706,0.031369944,8.324585085,0.012270706,0,0,0,0,0,0,0,0,0,0,0,0,0,0,0,0,0,0,0,0,43.43136496,0,10.12596871,0,0,0,0,3.12953161,0,0,9.184478779,1.495899124,30.25987718,0,0,0,0,0,0,3.212696442,0,0,0,0,0,0,0,0,0,,,,,,,,,,,,,,,,,,,,,,,,,,,,,,,,,,,,,,,,,,,,,,
Potato,Sirajganj,Sirajganj Sadar,,,,,,,,,,,,,,,,,,,,,,,,,,,,,,,,,,,,,,,,,,,,,,,0,0,0,0,0,0,0.018472426,0.035249961,7.723725972,0.007477717,0,0,0,0,0,0,0,0,0,0,0,0,0,0,0,0,0,0,0,0,45.8597631,0,3.508795228,0,0,0,0,10.98266032,0,0,15.56717045,8.283655264,18.36740506,0,0,0,0,0,0,1.916671549,0,0,0,0,0,0,0,0,0,,,,,,,,,,,,,,,,,,,,,,,,,,,,,,,,,,,,,,,,,,,,,,
Potato,Sirajganj,Tarash,,,,,,,,,,,,,,,,,,,,,,,,,,,,,,,,,,,,,,,,,,,,,,,0,0,0,0,0,0,0.043111653,0.066455734,8.289910346,0.006593027,0,0,0,0,0,0,0,0,0,0,0,0,0,0,0,0,0,0,0,0,42.87093876,0,0,0,0,0,0,19.0816447,0.419031761,0,12.36694415,7.685025315,25.14165501,0,0,0,0,0,0,0,0,0,0,0,0,0,0,0,0,,,,,,,,,,,,,,,,,,,,,,,,,,,,,,,,,,,,,,,,,,,,,,
Potato,Sirajganj,Ullapara,,,,,,,,,,,,,,,,,,,,,,,,,,,,,,,,,,,,,,,,,,,,,,,0,0,0,0,0,0,0.020797163,0.035903877,7.356002673,0.005725726,0,0,0,0,0,0,0,0,0,0,0,0,0,0,0,0,0,0,0,0,45.71137625,0,0,0,0,0,0,24.74244341,0,0,3.969865767,8.684548481,24.01529056,0,0,0,0,0,0,0.008229163,0,0,0,0,0,0,0,0,0,,,,,,,,,,,,,,,,,,,,,,,,,,,,,,,,,,,,,,,,,,,,,,
Potato,Barguna,Amtali,,,,,,,,,,,,,,,,,,,,,,,,,,,,,,,,,,,,,,,,,,,,,,,0,0,0,0,0,0,0.005623096,0.015845861,7.301053289,0.006110733,0,0,0,0,0,0,0,0,0,0,0,0,0,0,0,0,0,0,0,0,47.61982799,0,0,0,0,0,0,22.81960194,0,0,6.820137452,0.032789606,27.36320344,0,0.164320976,0,0,0,0,12.33768239,0,0,0,0,0,0,0,0,0,,,,,,,,,,,,,,,,,,,,,,,,,,,,,,,,,,,,,,,,,,,,,,
Potato,Barguna,Bamna,,,,,,,,,,,,,,,,,,,,,,,,,,,,,,,,,,,,,,,,,,,,,,,0,0,0,0,0,0,0.029540439,0.052455978,8.36591428,0.009125181,0,0,0,0,0,0,0,0,0,0,0,0,0,0,0,0,0,0,0,0,41.32977124,0,4.736093552,0,0,0,0,13.36940703,0,0,8.337835385,0.253601014,31.60306216,0,0,0,0,0,0,0,0,0,0,0,0,0,0,0,0,,,,,,,,,,,,,,,,,,,,,,,,,,,,,,,,,,,,,,,,,,,,,,
Potato,Barguna,Barguna Sadar,,,,,,,,,,,,,,,,,,,,,,,,,,,,,,,,,,,,,,,,,,,,,,,0,0,0,0,0,0,0.027543664,0.044064118,6.848140573,0.005174441,0,0,0,0,0,0,0,0,0,0,0,0,0,0,0,0,0,0,0,0,49.32381801,0,0,0,0,0,0,26.5078123,0,0,0,12.9076092,22.64820683,0,0,0,0,0,0,0,0,0,0,0,0,0,0,0,0,,,,,,,,,,,,,,,,,,,,,,,,,,,,,,,,,,,,,,,,,,,,,,
Potato,Barguna,Betagi,,,,,,,,,,,,,,,,,,,,,,,,,,,,,,,,,,,,,,,,,,,,,,,0,0,0,0,0,0,1.990963427,3.775152009,1.806247876,0.79255851,0,0,0,0,0,0,0,0,0,0,0,0,0,0,0,0,0,0.102294723,8.790910246,0,16.66102886,0,8.330514428,0.332279059,0,0,0,0,0,12.40650997,0,0,24.81301994,0,0,0,0,0,0,0,0,0,0,0,0,0,0,0,0,,,,,,,,,,,,,,,,,,,,,,,,,,,,,,,,,,,,,,,,,,,,,,
Potato,Barguna,Patharghata,,,,,,,,,,,,,,,,,,,,,,,,,,,,,,,,,,,,,,,,,,,,,,,0,0,0,0,0,0,0.487130577,0.764164415,7.76519577,0.08128533,0,0,0,0,0,0,0,0,0,0,0,0,0,0,0,0,0,0.096680609,11.39642534,1.033962894,16.49289913,0,8.246449566,1.134699027,0,0,0,0,0,12.45198905,0,0,24.9039781,0,0,0,0,0,0,0,0,0,0,0,0,0,0,0,0,,,,,,,,,,,,,,,,,,,,,,,,,,,,,,,,,,,,,,,,,,,,,,
Potato,Barguna,Taltali,,,,,,,,,,,,,,,,,,,,,,,,,,,,,,,,,,,,,,,,,,,,,,,0,0,0,0,0,0,0.115119712,0.174546337,9.161219457,0.016162658,0,0,0,0,0,0,0,0,0,0,0,0,0,0,0,0,0,0,12.91211819,4.626330314,15.65375699,0,7.826878493,1.457854327,0,0,0,0,0,12.08972459,0,0,24.17944918,0,0,0,0,0,0,0,0,0,0,0,0,0,0,0,0,,,,,,,,,,,,,,,,,,,,,,,,,,,,,,,,,,,,,,,,,,,,,,
Potato,Barishal,Agailjhara,,,,,,,,,,,,,,,,,,,,,,,,,,,,,,,,,,,,,,,,,,,,,,,0,0,0,0,0,0,0.12674558,0.165625091,5.960101706,0.014958705,0,0,0,0,0,0,0,0,0,0,0,0,0,0,0,0,0,0,0,0,67.32054192,0,0,0,0,0,0,5.940241035,0,19.67943995,0,27.13033823,0,0,0,0,0,0,0,0,0,0,0,0,0,0,0,0,0,,,,,,,,,,,,,,,,,,,,,,,,,,,,,,,,,,,,,,,,,,,,,,
Potato,Barishal,Babuganj,,,,,,,,,,,,,,,,,,,,,,,,,,,,,,,,,,,,,,,,,,,,,,,0,0,0,0,0,0,0.206736081,0.244479442,5.773018558,0.030638435,0,0,0,0,0,0,0,0,0,0,0,0,0,0,0,0,0,0,0,0,74.97546222,0,0,0,0,0,0,0,0,1.296516791,0,40.34625456,0,0,0,0,0,0,0,0.426001829,0,0,0,0,0,0,0,0,0,,,,,,,,,,,,,,,,,,,,,,,,,,,,,,,,,,,,,,,,,,,,,,
Potato,Barishal,Bakerganj,,,,,,,,,,,,,,,,,,,,,,,,,,,,,,,,,,,,,,,,,,,,,,,0,0,0,0,0,8.80E-05,0.182281261,0.214765869,5.635755966,0.026179455,0,0,0,0,0,0,0,0,0,0,0,0,0,0,0,0,0,0,0,0,71.32756045,0,0,0,0,0,0,0.97581878,0,22.48866834,0,20.9604441,0,0,0,0,0,0,0,0,0,0,0,0,0,0,0,0,0,,,,,,,,,,,,,,,,,,,,,,,,,,,,,,,,,,,,,,,,,,,,,,
Potato,Barishal,Banaripara,,,,,,,,,,,,,,,,,,,,,,,,,,,,,,,,,,,,,,,,,,,,,,,0,0,0,0,0,0,0.086506155,0.119957617,6.056972606,0.010173638,0,0,0,0,0,0,0,0,0,0,0,0,0,0,0,0,0,0,0,0,67.24785095,0,0,0,0,0,0,5.560395201,0,2.539536147,0,28.86361041,15.95163371,0,0,0,0,0,0,9.535629613,0,0,0,0,0,0,0,0,0,,,,,,,,,,,,,,,,,,,,,,,,,,,,,,,,,,,,,,,,,,,,,,
Potato,Barishal,Barishal Sadar (Kotwali),,,,,,,,,,,,,,,,,,,,,,,,,,,,,,,,,,,,,,,,,,,,,,,0,0,0,0,0,0,0.116746408,0.155388965,6.354550867,0.014267318,0,0,0,0,0,0,0,0,0,0,0,0,0,0,0,0,0,0,0,0,69.09223659,0,0,0,0,0,0,1.487191609,0,0,0,25.94397845,18.52115577,0,0,0,0,0,0,6.027514545,0,0,0,0,0,0,0,0,0,,,,,,,,,,,,,,,,,,,,,,,,,,,,,,,,,,,,,,,,,,,,,,
Potato,Barishal,Gaurnadi,,,,,,,,,,,,,,,,,,,,,,,,,,,,,,,,,,,,,,,,,,,,,,,0,0,0,0,0,4.32E-05,0.204608399,0.240173796,5.563041541,0.030008605,0,0,0,0,0,0,0,0,0,0,0,0,0,0,0,0,0,0,0,0,73.88024766,0,0,0,0,0,0,0,0,8.612565371,0,36.06887047,0,0,0,0,0,0,0,0,0,0,0,0,0,0,0,0,0,,,,,,,,,,,,,,,,,,,,,,,,,,,,,,,,,,,,,,,,,,,,,,
Potato,Barishal,Hijla,,,,,,,,,,,,,,,,,,,,,,,,,,,,,,,,,,,,,,,,,,,,,,,0,0,0,0,0,0,0,2.632437702,0,1.923638573,0,0,0,0,0,0,0,0,0,0,0,0,0,0,0,0,0,0,6.773857871,0,18.0531675,0,6.146873969,0.264319253,0,0,0,0,3.64398461,0,0,0,25.42696679,0,0,0,0,0,0,0,0,0,0,0,0,0,0,0,0,,,,,,,,,,,,,,,,,,,,,,,,,,,,,,,,,,,,,,,,,,,,,,
Potato,Barishal,Mehendiganj,,,,,,,,,,,,,,,,,,,,,,,,,,,,,,,,,,,,,,,,,,,,,,,0,0,0,0,0,0,0,3.2099496,0,1.773677349,0,0,0,0,0,0,0,0,0,0,0,0,0,0,0,0,0,0,0.014088569,0,22.23925164,0,7.413083839,0,0,0,0,0,0.032940786,0,0,0,35.5322799,0,0,0,0,0,0,0,0,0,0,0,0,0,0,0,0,,,,,,,,,,,,,,,,,,,,,,,,,,,,,,,,,,,,,,,,,,,,,,
Potato,Barishal,Muladi,,,,,,,,,,,,,,,,,,,,,,,,,,,,,,,,,,,,,,,,,,,,,,,0,0,0,0,0,0,0,5.237795859,0.048012146,0,0,0,0,0,0,0,0,0,0,0,0,0,0,0,0,0.113622849,0,0,3.962956031,0,21.02062139,0,7.006873712,0,0,0,0,0,1.655430951,0,0,0,21.89194168,0,0,0,0,0,0,0,0,0,0,0,0,0,0,0,0,,,,,,,,,,,,,,,,,,,,,,,,,,,,,,,,,,,,,,,,,,,,,,
Potato,Barishal,Ujirpur,,,,,,,,,,,,,,,,,,,,,,,,,,,,,,,,,,,,,,,,,,,,,,,0,0,0,0,0,0,0,1.368550765,0,2.802005766,0,0,0,0,0,0,0,0,0,0,0,0,0,0,0,0,0,0.002792791,0.389979697,0,18.16205292,0,6.413266716,2.729169003,0,0,0,0,0,0.056998634,0,0,33.40876259,0,0,0,0,0,0,0,0,0,0,0,0,0,0,0,0,,,,,,,,,,,,,,,,,,,,,,,,,,,,,,,,,,,,,,,,,,,,,,
Potato,Bhola,Bhola Sadar,,,,,,,,,,,,,,,,,,,,,,,,,,,,,,,,,,,,,,,,,,,,,,,0,0,0,0,0,0.085909604,0.171288515,3.516892224,0,0,0,0,0,0,0,0,0,0,0,0,0,0,0,0,0,0,0,2.223843912,9.961003053,0,20.00182899,0,3.477379748,0,0,0,0,0,0,0,0,0,19.86886717,0,0,0,0,0,0,0,0,0,0,0,0,0,0,0,0,,,,,,,,,,,,,,,,,,,,,,,,,,,,,,,,,,,,,,,,,,,,,,
Potato,Bhola,Borhanuddin,,,,,,,,,,,,,,,,,,,,,,,,,,,,,,,,,,,,,,,,,,,,,,,0,0,0,0,0,0,0,4.355791644,0,0.068539468,0,0,0,0,0,0,0,0,0,0,0,0,0,0,0,0,0,0.472809056,7.639895401,0,18.77088263,0,5.775673954,0,0,0,0,0,3.905657,0,0,0,19.55892388,0,0,0,0,0,0,0,0,0,0,0,0,0,0,0,0,,,,,,,,,,,,,,,,,,,,,,,,,,,,,,,,,,,,,,,,,,,,,,
Potato,Bhola,Charfasson,,,,,,,,,,,,,,,,,,,,,,,,,,,,,,,,,,,,,,,,,,,,,,,0,0,0,0,0,0.173231396,0.446501119,3.108959314,0.275857245,0,0,0,0,0,0,0,0,0,0,0,0,0,0,0,2.881162865,2.429145946,0,0,9.835473554,0,21.6068506,0,0.552158431,0,0,0,0,0,0.342045004,0,0,0,16.85012897,0,0,0,0,0,0,0,0,0,0,0,0,0,0,0,0,,,,,,,,,,,,,,,,,,,,,,,,,,,,,,,,,,,,,,,,,,,,,,
Potato,Bhola,Daulatkhan,,,,,,,,,,,,,,,,,,,,,,,,,,,,,,,,,,,,,,,,,,,,,,,0,0,0,0,0,2.18E-05,0,0.000363508,0.067531724,2.450404749,0,0,0,0,0,0,0,0,0,0,0,0,0,6.485389071,25.59418533,0,0,0,17.17692427,0,0.724885842,0,16.52362216,0,0,0,0,0,0,16.99111709,29.30445193,0,0,0,0,0,0,0,0,0,0,0,0,0,0,0,0,0,0,,,,,,,,,,,,,,,,,,,,,,,,,,,,,,,,,,,,,,,,,,,,,,
Potato,Bhola,Lalmohan,,,,,,,,,,,,,,,,,,,,,,,,,,,,,,,,,,,,,,,,,,,,,,,0,0,0,0,0,4.75E-05,0,0.000932171,0.289298427,2.431665722,0,0,0,0,0,0,0,0,0,0,0,0,0,10.55973714,22.06908019,0,0,0,17.2407392,0,0,0,15.86829871,0,0,0,0.668567404,0,0,15.2338609,26.1348247,0,0,0,0,0,0,0,0,0,0,0,0,0,0,0,0,0,0,,,,,,,,,,,,,,,,,,,,,,,,,,,,,,,,,,,,,,,,,,,,,,
Potato,Bhola,Monpura,,,,,,,,,,,,,,,,,,,,,,,,,,,,,,,,,,,,,,,,,,,,,,,0,0,0,0,0,0,0,0.000602751,0.001091549,2.749944922,0,0,0,0,0,0,0,0,0,0,0,0,0,3.107538739,26.64847199,0,0,0,17.31951881,0,0,0,16.45315368,0,0,0,0,0,0,15.56373626,17.42788842,0,0,0.02401767,0,0,0,0,0,0,0,0,0,0,0,0,0,0,0,,,,,,,,,,,,,,,,,,,,,,,,,,,,,,,,,,,,,,,,,,,,,,
Potato,Bhola,Tazumuddin,,,,,,,,,,,,,,,,,,,,,,,,,,,,,,,,,,,,,,,,,,,,,,,0,0,0,0,0,0,0,0.00044261,0.067667471,2.650601461,0,0,0,0,0,0,0,0,0,0,0,0,0,0,28.8680533,0,0,0,16.01132734,0,0,0,17.16566223,0,0,0,0.271235801,0,0,9.607595709,15.67609689,0,0,0,0,0,0,0,0,0,0,0,0,0,0,0,0,0,0,,,,,,,,,,,,,,,,,,,,,,,,,,,,,,,,,,,,,,,,,,,,,,
Potato,Jhalokati,Jhalokathi Sadar,,,,,,,,,,,,,,,,,,,,,,,,,,,,,,,,,,,,,,,,,,,,,,,0,0,0,0,0,0,0,0.000927505,0,2.673478485,0,0,0,0,0,0,0,0,0,0,0,0,0,4.201532828,23.37538673,0,0,0,16.41025657,0,0,0,16.40507729,0,0,0,3.477677148,0,0,12.65046202,12.65046202,0,0,0,0,0,0,0,0,0,0,0,0,0,0,0,0,0,0,,,,,,,,,,,,,,,,,,,,,,,,,,,,,,,,,,,,,,,,,,,,,,
Potato,Jhalokati,Kanthalia,,,,,,,,,,,,,,,,,,,,,,,,,,,,,,,,,,,,,,,,,,,,,,,0,0,0,0,0,1.70E-05,0,0.000480695,0.122524853,2.37662713,0,0,0,0,0,0,0,0,0,0,0,0,0,3.665588114,19.83206455,0,0,0,18.15629689,0,0,0,13.17986269,0,0,0,2.841950794,0,0,7.832561088,13.10135376,0,0,0,0,0,0,0,0,0,0,0,0,0,0,0,0,0,0,,,,,,,,,,,,,,,,,,,,,,,,,,,,,,,,,,,,,,,,,,,,,,
Potato,Jhalokati,Nalchhity,,,,,,,,,,,,,,,,,,,,,,,,,,,,,,,,,,,,,,,,,,,,,,,0,0,0,0,0,0.033641338,0.032037287,0.038173175,0.95920256,1.494547106,0,0,0,0,0,0,0,0,0,0,0,0,0,0.055008752,37.17715918,0,0,0,0,0,11.46614354,0,19.62723468,0,0,0,0,0,0,16.38651578,15.94164617,0,0,0,0,0,0,0,0,0,0,0,0,0,0,0,0,0,0,,,,,,,,,,,,,,,,,,,,,,,,,,,,,,,,,,,,,,,,,,,,,,
Potato,Jhalokati,Rajapur,,,,,,,,,,,,,,,,,,,,,,,,,,,,,,,,,,,,,,,,,,,,,,,0,0,0,0,0,0.000241597,0,0.001457018,0.919152219,1.714477455,0,0,0,0,0,0,0,0,0,0,0,0,0,4.954816674,32.54426112,0,0,0,0.128550088,0,2.831666693,0,28.24401725,0,0,0,0,0,0,18.381685,23.55310504,0,0,0,0,0,0,0,0,0,0,0,0,0,0,0,0,0,0,,,,,,,,,,,,,,,,,,,,,,,,,,,,,,,,,,,,,,,,,,,,,,
Potato,Patuakhali,Bauphal,,,,,,,,,,,,,,,,,,,,,,,,,,,,,,,,,,,,,,,,,,,,,,,0,0,0,0,0,5.95E-05,0,0.001701972,0.047971282,2.709888648,0,0,0,0,0,0,0,0,0,0,0,0,0,5.539483514,28.73883504,0,0,0,13.45844892,0,0,0,19.10326341,0,0,0,1.507695482,0,0,16.93432558,23.10740785,0,0,0,0,0,0,0,0,0,0,0,0,0,0,0,0,0,0,,,,,,,,,,,,,,,,,,,,,,,,,,,,,,,,,,,,,,,,,,,,,,
Potato,Patuakhali,Dashmina,,,,,,,,,,,,,,,,,,,,,,,,,,,,,,,,,,,,,,,,,,,,,,,0,0,0,0.04421558,0,0,0,0,3.10734504,0.045484144,0,0,0,0,0,0,0,0,0,0,0,0,0,8.428954744,27.88944752,0,0,4.378152196,0,0,9.8466726,0,22.85813996,0,0,0,0,0,0,20.63658641,22.17270051,0,0,0,0,0,0,0,0,0,0,0,0,0,0,0,0,0,0,,,,,,,,,,,,,,,,,,,,,,,,,,,,,,,,,,,,,,,,,,,,,,
Potato,Patuakhali,Dumki,,,,,,,,,,,,,,,,,,,,,,,,,,,,,,,,,,,,,,,,,,,,,,,0,0,0,1.856462365,0,0,0,0,2.519165236,0,0,0,0,0,0,0,0,0,0,0,0,0,0,7.536803886,27.45665376,0,0,1.125737047,4.294501388,0,1.487959946,0,23.94454746,0,0,0,0,0,0,20.6252431,10.37050258,0,0,0,0,0,0,0,0,0,0,0,0,0,0,0,0,0,0,,,,,,,,,,,,,,,,,,,,,,,,,,,,,,,,,,,,,,,,,,,,,,
Potato,Patuakhali,Galachipa,,,,,,,,,,,,,,,,,,,,,,,,,,,,,,,,,,,,,,,,,,,,,,,0,0,0,0,0,0,0,1.347808451,0,2.889787755,0,0,0,0,0,0,0,0,0,0,0,0,0,0,0,0,0,3.284569754,9.879056875,0,15.31376535,0,7.155239151,2.68305683,0,0,0,0,0,7.054574749,0,0,25.4539483,0,0,0,0,0,0,0,0,0,0,0,0,0,0,0,0,,,,,,,,,,,,,,,,,,,,,,,,,,,,,,,,,,,,,,,,,,,,,,
Potato,Patuakhali,Kalapara,,,,,,,,,,,,,,,,,,,,,,,,,,,,,,,,,,,,,,,,,,,,,,,0,0,0,0,0,0.267675148,0.732320402,1.628060528,0.768383352,0.13411743,0,0,0,0,0,0,0,0,0,0,0,0,0,0,0,0,0,12.55199738,14.50194886,0,19.91782424,0,7.25097443,4.473248375,0,0,0,0,0,0,0,0,5.387062491,0,0,0,0,0,0,0,0,0,0,0,0,0,0,0,0,,,,,,,,,,,,,,,,,,,,,,,,,,,,,,,,,,,,,,,,,,,,,,
Potato,Patuakhali,Mirzaganj,,,,,,,,,,,,,,,,,,,,,,,,,,,,,,,,,,,,,,,,,,,,,,,0,0,0,0,0,0,0,0.95203987,0.670318913,2.859481116,0,0,0,0,0,0,0,0,0,0,0,0,0,0,0,0,0,0,15.49572541,0,16.04447742,0,7.882133434,2.026053211,0,0,0,0,0,4.326565391,0,0,22.15744548,0,0.212049787,0,0,0,0,0,0,0,0,0,0,0,0,0,0,,,,,,,,,,,,,,,,,,,,,,,,,,,,,,,,,,,,,,,,,,,,,,
Potato,Patuakhali,Patuakhali Sadar,,,,,,,,,,,,,,,,,,,,,,,,,,,,,,,,,,,,,,,,,,,,,,,0,0,0,0,0,0.002267985,0,1.296979487,1.224290092,1.131115912,0,0,0,0,0,0,0,0,0,0,0,0,0,0,0,0,0,6.909199265,13.39940411,0,14.96251263,0,6.699702053,2.187912387,0,0,0,0,0,2.508244002,0,0,16.42982018,0,3.707372495,0,0,0,0,0,0,0,0,0,0,0,0,0,0,,,,,,,,,,,,,,,,,,,,,,,,,,,,,,,,,,,,,,,,,,,,,,
Potato,Patuakhali,Rangabali,,,,,,,,,,,,,,,,,,,,,,,,,,,,,,,,,,,,,,,,,,,,,,,0,0,0,0,0,0.000856421,0.001654525,0.016913412,4.314154864,0.04200535,0,0,0,0,0,0,0,0,0,0,0,0,0,0,0,0,0,4.55890895,13.34681431,0,12.55136136,0,4.684537923,1.484615648,0,0,0,0,0,6.651171303,0,0,13.16571083,0,3.794438677,0,0,0,0,0,0,0,0,0,0,0,0,0,0,,,,,,,,,,,,,,,,,,,,,,,,,,,,,,,,,,,,,,,,,,,,,,
Potato,Pirojpur,Bhandaria,,,,,,,,,,,,,,,,,,,,,,,,,,,,,,,,,,,,,,,,,,,,,,,0,0,0,0,0,0.015193191,0.039688574,0.106393852,3.254349739,0.37917176,0,0,0,0,0,0,0,0,0,0,0,0,0,0,0,0,0,8.16861014,13.56633225,0,13.15382707,0,6.576913536,4.13915684,0,0,0,0,0,1.619801596,0,0,19.38309498,0,0.020044903,0,0,0,0,0,0,0,0,0,0,0,0,0,0,,,,,,,,,,,,,,,,,,,,,,,,,,,,,,,,,,,,,,,,,,,,,,
Potato,Pirojpur,Indurkani,,,,,,,,,,,,,,,,,,,,,,,,,,,,,,,,,,,,,,,,,,,,,,,0,0,0,0,0,1.62E-05,0,0.02782329,4.017173594,0.13770374,0,0,0,0,0,0,0,0,0,0,0,0,0,0,0,0,0,0.563028372,12.82304979,0.007125287,16.16583784,0,6.263934013,9.055882769,0,0,0,0,0,10.03832017,0,0,9.738709967,0,4.049690618,0,0,0,0,0,0,0,0,0,0,0,0,0,0,,,,,,,,,,,,,,,,,,,,,,,,,,,,,,,,,,,,,,,,,,,,,,
Potato,Pirojpur,Kawkhali,,,,,,,,,,,,,,,,,,,,,,,,,,,,,,,,,,,,,,,,,,,,,,,0,0,0,0,0,0.002145702,0,2.498760377,0.273510176,1.141513243,0,0,0,0,0,0,0,0,0,0,0,0,0,0,0,0,0,2.743540002,12.81294055,0,15.58564326,0,6.406470274,2.803470645,0,0,0,0,0,0.728168068,0,0,18.66489502,0,0.732746964,0,0,0,0,0,0,0,0,0,0,0,0,0,0,,,,,,,,,,,,,,,,,,,,,,,,,,,,,,,,,,,,,,,,,,,,,,
Potato,Pirojpur,Mathbaria,,,,,,,,,,,,,,,,,,,,,,,,,,,,,,,,,,,,,,,,,,,,,,,0,0,0,0,0,0.015756888,0.044797265,0.070538437,3.592454238,0.188959801,0,0,0,0,0,0,0,0,0,0,0,0,0,0,0,0,0,7.918699554,13.42887254,0,12.2793501,0,6.136940917,1.463955883,0,0,0,0,0,0.569106209,0,0,18.80162194,0,0,0,0,0,0,0,0,0,0,0,0,0,0,0,0,,,,,,,,,,,,,,,,,,,,,,,,,,,,,,,,,,,,,,,,,,,,,,
Potato,Pirojpur,Nazirpur,,,,,,,,,,,,,,,,,,,,,,,,,,,,,,,,,,,,,,,,,,,,,,,0,0,0,0,0,0.00038831,0,9.18E-05,0.650029384,2.141547831,0,0,0,0,0,0,0,0,0,0,0,0,0,0,29.64647344,0,0,0,21.08394509,0,0,0,13.72000718,0,0,0,0.002500629,0,0,0,22.28323067,0,0,0,0,0,0,0,0,0,0,0,0,0,0,0,0,0,0,,,,,,,,,,,,,,,,,,,,,,,,,,,,,,,,,,,,,,,,,,,,,,
Potato,Pirojpur,Nesarabad (Swarupkathi),,,,,,,,,,,,,,,,,,,,,,,,,,,,,,,,,,,,,,,,,,,,,,,0,0,0,0,0,0,0,0.000196764,0.481717974,3.165814473,0,0,0,0,0,0,0,0,0,0,0,0,0,0,31.71584766,0,0,0,16.12575314,0,0,0,16.12575314,0,0,0,0,0,0,4.328530235,20.33210226,0,0,8.964746284,0,0,0,0,0,0,0,0,0,0,0,0,0,0,0,,,,,,,,,,,,,,,,,,,,,,,,,,,,,,,,,,,,,,,,,,,,,,
Potato,Pirojpur,Pirojpur Sadar,,,,,,,,,,,,,,,,,,,,,,,,,,,,,,,,,,,,,,,,,,,,,,,0,0,0,0,0,5.04E-05,0,0.000141097,1.342288602,3.279536739,0,0,0,0,0,0,0,0,0,0,0,0,0,3.493740329,31.0145926,0,0,0,16.50358093,0,0,0,16.50358093,0,0,0,0.383509127,0,0,0,34.51520104,0,0,0,0,0,0,0,0,0,0,0,0,0,0,0,0,0,0,,,,,,,,,,,,,,,,,,,,,,,,,,,,,,,,,,,,,,,,,,,,,,
Potato,Jamalpur,Bakshiganj,,,,,,,,,,,,,,,,,,,,,,,,,,,,,,,,,,,,,,,,,,,,,,,0,0,0,0,0,0.000301508,0,4.20E-06,1.092968904,2.833576778,0,0,0,0,0,0,0,0,0,0,0,0,0,0,32.14807193,0,0,0,19.73074581,0,0,0,14.7212348,3.431929941,0,0,0.001669973,0,0,0,18.29135642,0,0,0,0,0,0,0,0,0,0,0,0,0,0,0,0,0,0,,,,,,,,,,,,,,,,,,,,,,,,,,,,,,,,,,,,,,,,,,,,,,
Potato,Jamalpur,Dewanganj,,,,,,,,,,,,,,,,,,,,,,,,,,,,,,,,,,,,,,,,,,,,,,,0,0,0,0,0,0.000232193,0,4.80E-05,1.516957923,3.514769734,0,0,0,0,0,0,0,0,0,0,0,0,0,2.06643289,34.50972366,0,0,0,10.06668823,0,0,0,24.21332863,0.068519244,0,0,1.937545255,0,0,0,27.25005032,0,0,0,0,0,0,0,0,0,0,0,0,0,0,0,0,0,0,,,,,,,,,,,,,,,,,,,,,,,,,,,,,,,,,,,,,,,,,,,,,,
Potato,Jamalpur,Islampur,,,,,,,,,,,,,,,,,,,,,,,,,,,,,,,,,,,,,,,,,,,,,,,0,0,0,0,0,0.00028272,0,0,0.912894604,2.555356231,0,0,0,0,0,0,0,0,0,0,0,0,0,0,27.32589609,0,0,0,18.02555241,0,2.262960506,0,11.51155782,8.819470934,0,0,0,0,0,0,16.15903742,0,0,0,0,0,0,0,0,0,0,0,0,0,0,0,0,0,0,,,,,,,,,,,,,,,,,,,,,,,,,,,,,,,,,,,,,,,,,,,,,,
Potato,Jamalpur,Jamalpur Sadar,,,,,,,,,,,,,,,,,,,,,,,,,,,,,,,,,,,,,,,,,,,,,,,0,0,0,0,0,0.000170853,0,0.000163199,0.836260566,2.485304262,0,0,0,0,0,0,0,0,0,0,0,0,0,0,35.36727183,0,0,0,18.07532651,0,0,0,18.07532651,0,0,0,0,0,0,0,26.69261287,0,0,0.180792076,0,0,0,0,0,0,0,0,0,0,0,0,0,0,0,,,,,,,,,,,,,,,,,,,,,,,,,,,,,,,,,,,,,,,,,,,,,,
Potato,Jamalpur,Madarganj,,,,,,,,,,,,,,,,,,,,,,,,,,,,,,,,,,,,,,,,,,,,,,,0,0,0,0,0,1.54E-05,0,0.000263004,0.456807619,2.069719667,0,0,0,0,0,0,0,0,0,0,0,0,0,0,30.26604005,0,0,0,17.24836653,0,0,0,15.43904142,0,0,0,2.407119261,0,0,0.10290713,22.313477,0,0,0,0,0,0,0,0,0,0,0,0,0,0,0,0,0,0,,,,,,,,,,,,,,,,,,,,,,,,,,,,,,,,,,,,,,,,,,,,,,
Potato,Jamalpur,Melandaha,,,,,,,,,,,,,,,,,,,,,,,,,,,,,,,,,,,,,,,,,,,,,,,0,0,0,0,0,0.000105457,0,0,4.410776172,0.332586632,0,0,0,0,0,0,0,0,0,0,0,0,0,0,46.49007263,0,18.06956232,0,23.16482307,0,31.59775336,0,2.629970208,0,0,0,0,0,0,0,9.755652778,0,0,0,1.212863207,0,0,0,0,0,0,0,0,0,0,0,0,0,1.226994695,,,,,,,,,,,,,,,,,,,,,,,,,,,,,,,,,,,,,,,,,,,,,,
Potato,Jamalpur,Sarishabari,,,,,,,,,,,,,,,,,,,,,,,,,,,,,,,,,,,,,,,,,,,,,,,0,0,0,0,0,8.77E-05,0.000127222,0,2.51419852,0,0,0,0,0,0,0,0,0,0,0,0,0,0,0,19.43177163,8.609797117,23.86361559,0,18.48452408,0,34.01540883,0,3.219602604,0,0,0,5.656222032,0,0,0,0,0,0,0,0,0,0,0,0,0,0,0,0,0,0,0,3.564230565,0,3.77159657,,,,,,,,,,,,,,,,,,,,,,,,,,,,,,,,,,,,,,,,,,,,,,
Potato,Mymensingh,Bhaluka,,,,,,,,,,,,,,,,,,,,,,,,,,,,,,,,,,,,,,,,,,,,,,,0,0,0,0,0,9.52E-05,1.13E-05,0,3.72538214,0.695177876,0,0,0,0,0,0,0,0,0,0,0,0,0,0,43.07098587,1.870475648,23.63972483,0,22.97312201,0,34.31669671,0,4.21948824,0,0,0,3.573157626,0,0,0,0.635359953,0,0,0,0,0,0,0,0,0,0,0,0,0,0,0,0,0,1.01174826,,,,,,,,,,,,,,,,,,,,,,,,,,,,,,,,,,,,,,,,,,,,,,
Potato,Mymensingh,Dhobaura,,,,,,,,,,,,,,,,,,,,,,,,,,,,,,,,,,,,,,,,,,,,,,,0,0,0,0,0,0.000266534,0.000300241,0,3.869928839,0,0,0,0,0,0,0,0,0,0,0,0,0,0,0,29.12663522,0.694416961,15.36856505,0,21.68781248,0,32.53171955,0,0,0,0,0,0,0,0,0,0,0,0,0,0,0,0,0,0,0,0,0,0,0,0,0,0.590566835,0,0,,,,,,,,,,,,,,,,,,,,,,,,,,,,,,,,,,,,,,,,,,,,,,
Potato,Mymensingh,Fulbaria,,,,,,,,,,,,,,,,,,,,,,,,,,,,,,,,,,,,,,,,,,,,,,,0,0,0,0,0,0.000168775,8.27E-06,0,3.974243312,0.661655661,0,0,0,0,0,0,0,0,0,0,0,0,0,0,32.91614153,1.237954212,15.95789267,0,22.19094375,0,28.78007778,0,0.226978489,0,0,0,0,0,0,0,15.85201955,0,0,0,0.110113373,0,0,0,0,0,0,0,0,0,0,0,0,0,0.769283028,,,,,,,,,,,,,,,,,,,,,,,,,,,,,,,,,,,,,,,,,,,,,,
Potato,Mymensingh,Fulpur,,,,,,,,,,,,,,,,,,,,,,,,,,,,,,,,,,,,,,,,,,,,,,,0,0,0,0,0,0,0,0.006674441,10.13490159,0.004236655,0,0,0,0,0,0,0,0,0,0,0,0,0,0,0.237299103,5.870844285,0,0,0,0,44.89832771,0,0.395461912,0,0,0,0,0,0,0,9.02656654,0,25.86097379,0,0,0,0,0,0,0,0,0,0,0,0,0,0,0,0,,,,,,,,,,,,,,,,,,,,,,,,,,,,,,,,,,,,,,,,,,,,,,
Potato,Mymensingh,Gafargaon,,,,,,,,,,,,,,,,,,,,,,,,,,,,,,,,,,,,,,,,,,,,,,,0,0,0,0,0,0,0.000293087,0.013705078,9.39726119,0.017193455,0,0,0,0,0,0,0,0,0,0,0,0,0,0,0,0,0,0,0,0,53.09893815,0,0.149452782,0,0,0,0,0,0,0,12.1768056,0,30.33516439,0,0,0,0,0,0,0,0,0,0,0,0,0,0,0,0,,,,,,,,,,,,,,,,,,,,,,,,,,,,,,,,,,,,,,,,,,,,,,
Potato,Mymensingh,Gouripur,,,,,,,,,,,,,,,,,,,,,,,,,,,,,,,,,,,,,,,,,,,,,,,0,0,0,0,0,0,0,0.006650228,9.867801683,0,0,0,0,0,0,0,0,0,0,0,0,0,0,0,4.911518682,8.926685688,0,0,0,0,38.89328648,0,9.662937864,0,0,0,0,0,0,0,10.33667611,0,8.659669876,0,0,0,0,0,0,0,0,0,0,0,0,0,0,0,0,,,,,,,,,,,,,,,,,,,,,,,,,,,,,,,,,,,,,,,,,,,,,,
Potato,Mymensingh,Haluaghat,,,,,,,,,,,,,,,,,,,,,,,,,,,,,,,,,,,,,,,,,,,,,,,0,0,0,0,0,0,0,0,4.048640128,0,0,0,0,0,0,0,0,0,0,0,0,0,0,0,17.60557117,8.802785586,0,0,1.657903773,0,34.9005523,0,0,0,0,0,0,0,0,0.054990712,11.24046495,0,0.995804486,0,0,0,0,0,0,0,0,0,0,0,0,0,0,0,0,,,,,,,,,,,,,,,,,,,,,,,,,,,,,,,,,,,,,,,,,,,,,,
Potato,Mymensingh,Ishwarganj,,,,,,,,,,,,,,,,,,,,,,,,,,,,,,,,,,,,,,,,,,,,,,,0,0,0,0,0,0.00018731,0.000430061,0.007266681,6.387990155,0,0,0,0,0,0,0,0,0,0,0,0,0,0,0,9.369146011,9.539929183,0,0,0.57207667,0,43.83102186,0,3.769948612,0,0,0,0,0,0,0,0.575708979,0,0.09046031,0,0,0,0,0,0,0,0,0,0,0,0,0,0,0,0,,,,,,,,,,,,,,,,,,,,,,,,,,,,,,,,,,,,,,,,,,,,,,
Potato,Mymensingh,Muktagachha,,,,,,,,,,,,,,,,,,,,,,,,,,,,,,,,,,,,,,,,,,,,,,,0,0,0,0,0,0,0,0.014734511,8.695650569,0.0254066,0,0,0,0,0,0,0,0,0,0,0,0,0,0,0,0,0,0,0,0,46.83404502,0,0,0,0,0,0,0,0,0,1.071715487,0,41.78477353,0,0,0,0,0,0,0,0,0,0,0,0,0,0,0,0,,,,,,,,,,,,,,,,,,,,,,,,,,,,,,,,,,,,,,,,,,,,,,
Potato,Mymensingh,Mymensingh Sadar,,,,,,,,,,,,,,,,,,,,,,,,,,,,,,,,,,,,,,,,,,,,,,,0,0,0,0,0,3.16E-05,8.09E-05,0.004575115,7.564859549,0,0,0,0,0,0,0,0,0,0,0,0,0,0,0,12.14708649,10.18226921,0,0,0,0,39.51979366,0,2.974632827,0,0,0,0,0,0,0,16.89060161,0,0,0,0,0,0,0,0,0,0,0,0,0,0,0,0,0,0,,,,,,,,,,,,,,,,,,,,,,,,,,,,,,,,,,,,,,,,,,,,,,
Potato,Mymensingh,Nandail,,,,,,,,,,,,,,,,,,,,,,,,,,,,,,,,,,,,,,,,,,,,,,,0,0,0,0,0,0.001223789,0.000933911,0.787321245,5.212915897,0,0,0,0,0,0,0,0,0,0,0,0,0,0,0,3.542427095,4.396971407,0,0,1.481823461,0,35.99695592,0,6.693290813,0,0,0,0,0,0,0,0,0,7.349503475,0,0,0,0,0,0,0,0,0,0,0,0,0,0,0,0,,,,,,,,,,,,,,,,,,,,,,,,,,,,,,,,,,,,,,,,,,,,,,
Potato,Mymensingh,Tarakanda,,,,,,,,,,,,,,,,,,,,,,,,,,,,,,,,,,,,,,,,,,,,,,,0,0,0,0,0,0,0,0.013749118,9.425350386,0.005721126,0,0,0,0,0,0,0,0,0,0,0,0,0,0,1.065516137,4.539221238,0,0,0,0,39.52175528,0,9.620806994,0,0,0,0,0,0,0,0,0,21.68641988,0,0,0,0,0,0,0,0,0,0,0,0,0,0,0,0,,,,,,,,,,,,,,,,,,,,,,,,,,,,,,,,,,,,,,,,,,,,,,
Potato,Mymensingh,Trishal,,,,,,,,,,,,,,,,,,,,,,,,,,,,,,,,,,,,,,,,,,,,,,,0,0,0,0,0,0.370663322,3.84E-07,0.03418585,1.48478315,7.516051362,0,0,0,0,0,0,0,0,0,0,0,0,0,0,0,53.12725858,108.0684034,0,16.93638119,0,84.73667648,0,1.382592455,0,0,0,0,0,0,56.53367072,56.53367072,0,24.35311976,0,4.724133056,19.83369013,8.529799882,0,0,0,0,0,0,0,0,0,1.6218935,13.43513652,33.84751796,,,,,,,,,,,,,,,,,,,,,,,,,,,,,,,,,,,,,,,,,,,,,,
Potato,Netrakona,Atpara,,,,,,,,,,,,,,,,,,,,,,,,,,,,,,,,,,,,,,,,,,,,,,,0,0,0,0,0,0.023120447,7.46E-07,0.002330209,0.046055969,3.761422564,0,0,0,0,0,0,0,0,0,0,0,0,0,0,0,68.20725399,69.91918237,15.84296079,25.94196373,0,75.2177946,0,0,0,0,0,0,0,0,36.69898805,36.69898805,0,53.96824212,0,23.65260887,12.84672245,23.48762575,1.126184268,0.240161974,6.471133919,0,0,0,0,0,0,4.820461353,21.05287204,36.30299372,,,,,,,,,,,,,,,,,,,,,,,,,,,,,,,,,,,,,,,,,,,,,,
Potato,Netrakona,Barhatta,,,,,,,,,,,,,,,,,,,,,,,,,,,,,,,,,,,,,,,,,,,,,,,0,0,0,0,0,0.147099197,0.000284066,0.013325947,3.021988558,3.176101428,0,0,0,0,0,0,0,0,0,0,0,0,0,0,0,83.00715152,26.66831947,0,12.46888165,0,60.62936876,0,0,0,0,0,0.766440633,0,0,21.65572069,21.65572069,0,41.32474403,0,18.54341068,13.93424898,0,0,0,0,0,0,0,0,0,0,12.33713738,30.47539837,30.47539837,,,,,,,,,,,,,,,,,,,,,,,,,,,,,,,,,,,,,,,,,,,,,,
Potato,Netrakona,Durgapur,,,,,,,,,,,,,,,,,,,,,,,,,,,,,,,,,,,,,,,,,,,,,,,0,0,0,0,0,0.00666685,7.08E-06,0.000324821,0.158944658,0.492060973,0,0,0,0,0,0,0,0,0,0,0,0,0,0,0,59.30120057,25.01133187,0,8.979825507,0,54.35328639,0,1.090783759,0,0,0,10.44056485,0,0,27.82713057,27.82713057,0,24.83122893,0,1.571508836,25.88466654,0,0,0,0,0,0,0,0,0,0,21.40123946,7.571346432,26.45878541,,,,,,,,,,,,,,,,,,,,,,,,,,,,,,,,,,,,,,,,,,,,,,
Potato,Netrakona,Kalmakanda,,,,,,,,,,,,,,,,,,,,,,,,,,,,,,,,,,,,,,,,,,,,,,,0,0,0,0,0,0.013953266,3.58E-07,0.001406327,0.02753867,5.534259168,0,0,0,0,0,0,0,0,0,0,0,0,0,0,0,71.49535173,77.73546502,29.11312411,27.62653448,0,79.02246992,0,0.473233639,0,0,0,0,0,0,48.85157777,48.85157777,0,40.02158221,0,5.926754527,9.605463642,33.66551884,0.847823222,0.847823222,0.181922452,0,0,0,0,0,0,0,8.420973802,37.7932162,,,,,,,,,,,,,,,,,,,,,,,,,,,,,,,,,,,,,,,,,,,,,,
Potato,Netrakona,Kendua,,,,,,,,,,,,,,,,,,,,,,,,,,,,,,,,,,,,,,,,,,,,,,,0,0,0,0,0,0.005449753,0.11698013,0.000541023,3.421652531,0.067424223,0,0,0,0,0,0,0,0,0,0,0,0,0,0,0,78.61437213,49.96761592,0,21.01319042,0,63.03957185,0,0,0,0,0,0,0,0,21.63512364,21.63512364,0,59.08794971,0,19.44231642,12.89938688,10.4930192,0,0,16.46425759,0,0,0,0,0,0,27.03492631,23.44942244,42.74375158,,,,,,,,,,,,,,,,,,,,,,,,,,,,,,,,,,,,,,,,,,,,,,
Potato,Netrakona,Khaliajuri,,,,,,,,,,,,,,,,,,,,,,,,,,,,,,,,,,,,,,,,,,,,,,,0,0,0,0,0,0.090794333,2.81E-05,0.006927541,0.897364223,4.035418236,0,0,0,0,0,0,0,0,0,0,0,0,0,0,0,78.65338068,23.47610698,0,4.718694089,0,68.9712745,0,0.521867634,0,0,0,0.677579271,0,0,32.61440011,32.61440011,0,31.96568786,0,14.22373695,18.91901303,0,0,0,0,0,0,0,0,0,0,5.656797429,8.970500576,41.05266872,,,,,,,,,,,,,,,,,,,,,,,,,,,,,,,,,,,,,,,,,,,,,,
Potato,Netrakona,Madan,,,,,,,,,,,,,,,,,,,,,,,,,,,,,,,,,,,,,,,,,,,,,,,0,0,0,0,0,0.009721439,9.77E-09,1.29E-05,0.559220678,2.12148305,0,0,0,0,0,0,0,0,0,0,0,0,0,0,0,56.74036129,32.41933,0,13.55755962,0,45.50000405,0,9.120629695,0,0,0,0,0,0,35.24032373,31.79510736,0,17.82353208,0,0,22.21742259,0,0,0,0,0,0,0,0,0,0,20.81987615,1.711886658,27.1313451,,,,,,,,,,,,,,,,,,,,,,,,,,,,,,,,,,,,,,,,,,,,,,
Potato,Netrakona,Mohanganj,,,,,,,,,,,,,,,,,,,,,,,,,,,,,,,,,,,,,,,,,,,,,,,0,0,0,0,0,0.006072977,0.001407155,0.00066138,5.978773787,0.212420563,0,0,0,0,0,0,0,0,0,0,0,0,0,0,0,58.03987729,23.04076133,9.887528138,10.37815184,0,58.57462688,0,0,0,0,0,1.825493578,0,0,21.33056077,21.33056077,0,29.94585917,0,15.90333789,11.19821049,0,0,0,0,0,0,0,0,0,0,28.84019375,29.61258643,27.15140093,,,,,,,,,,,,,,,,,,,,,,,,,,,,,,,,,,,,,,,,,,,,,,
Potato,Netrakona,Netrakona Sadar,,,,,,,,,,,,,,,,,,,,,,,,,,,,,,,,,,,,,,,,,,,,,,,0,0,0,0,0,0.363721098,2.37E-05,0.035311536,1.082347255,6.603889872,0,0,0,0,0,0,0,0,0,0,0,0,0,0,0,85.54565687,41.66360519,12.82873502,24.90499466,0,74.71498545,0,0,0,0,0,0,0,0,38.78948151,38.78948151,0,43.29023666,0,23.36961294,13.32657617,1.574850937,0,0,0,0,0,0,0,0,0,0.408203337,19.13555316,37.69024192,,,,,,,,,,,,,,,,,,,,,,,,,,,,,,,,,,,,,,,,,,,,,,
Potato,Netrakona,Purbadhala,,,,,,,,,,,,,,,,,,,,,,,,,,,,,,,,,,,,,,,,,,,,,,,0,0,0,0,0,0.356227834,3.90E-06,0.034347431,1.070250857,7.23561174,0,0,0,0,0,0,0,0,0,0,0,0,0,0,0,66.00972916,81.14087016,16.9856774,26.39719064,0,79.19157136,0,0,0,0,0,0,0,0,49.63684907,49.63684907,0,32.9787149,0,6.075412302,18.81757697,16.11037847,0,0,0,0,0,0,0,0,0,0,15.42992648,33.85226319,,,,,,,,,,,,,,,,,,,,,,,,,,,,,,,,,,,,,,,,,,,,,,
Potato,Sherpur,Jhenaigati,,,,,,,,,,,,,,,,,,,,,,,,,,,,,,,,,,,,,,,,,,,,,,,0,0,0,0,0,0.093895918,0,0.00640648,1.083395661,5.489809305,0,0,0,0,0,0,0,0,0,0,0,0,0,0,0,56.55104462,63.95470648,0,2.595535805,0,72.85605174,0,12.94640213,0,0,0,0,0,0,51.81833669,48.34071515,0,14.45049653,0,1.50452374,25.38644867,0,0,0,0,0,0,0,0,0,0,8.300657579,15.95163689,21.51449653,,,,,,,,,,,,,,,,,,,,,,,,,,,,,,,,,,,,,,,,,,,,,,
Potato,Sherpur,Nakla,,,,,,,,,,,,,,,,,,,,,,,,,,,,,,,,,,,,,,,,,,,,,,,0,0,0,0,0,0.303742023,0,0.54118757,0.754440799,1.058812298,0,0,0,0,0,0,0,0,0,0,0,0,0,1.94019177,34.86518861,0,0,0,3.254219267,0,2.897551365,0,23.63662664,0,0,0,0,0,0,13.96378051,13.96378051,0,0,0.312508165,0,0,0,0,0,0,0,0,0,0,0,0,0,0,0,,,,,,,,,,,,,,,,,,,,,,,,,,,,,,,,,,,,,,,,,,,,,,
Potato,Sherpur,Nalitabari,,,,,,,,,,,,,,,,,,,,,,,,,,,,,,,,,,,,,,,,,,,,,,,0,0,0,0,0,0.176393145,0,0.054072521,2.89358749,0,0,0,0,0,0,0,0,0,0,0,0,0,0,2.083507092,28.58356559,0,0,0,9.474608357,0,5.51832473,0,18.94921671,0,0,0,0,0,0,15.73131529,5.479001838,0,0,0,0,0,0,0,0,0,0,0,0,0,0,0,0,0,0,,,,,,,,,,,,,,,,,,,,,,,,,,,,,,,,,,,,,,,,,,,,,,
Potato,Sherpur,Sherpur Sadar,,,,,,,,,,,,,,,,,,,,,,,,,,,,,,,,,,,,,,,,,,,,,,,0,0,0,0,0,0.065035019,0,0.07557939,0,2.744780334,0,0,0,0,0,0,0,0,0,0,0,0,0,10.78237523,21.98948458,0,0,0,12.18301962,0,0,0,20.14662086,0,0,0,0,0,0,10.52501373,10.52501373,0,0,0,0,0,0,0,0,0,0,0,0,0,0,0,0,0,0,,,,,,,,,,,,,,,,,,,,,,,,,,,,,,,,,,,,,,,,,,,,,,
Potato,Sherpur,Sreebardi,,,,,,,,,,,,,,,,,,,,,,,,,,,,,,,,,,,,,,,,,,,,,,,0,0,0,0,0,0.487395711,0,0.5250002,1.265616662,0.629022843,0,0,0,0,0,0,0,0,0,0,0,0,0,12.14431897,22.48224172,0,0,0,11.31075544,0,0.154833196,0,22.62151088,0,0,0,0,0,0,12.50025624,12.50025624,0,0,0,0,0,0,0,0,0,0,0,0,0,0,0,0,0,0,,,,,,,,,,,,,,,,,,,,,,,,,,,,,,,,,,,,,,,,,,,,,,
Potato,Dinajpur,Birampur,,,,,,,,,,,,,,,,,,,,,,,,,,,,,,,,,,,,,,,,,,,,,,,0,0,0,0,0,2.49E-05,0,0.012541795,0,2.718159829,0,0,0,0,0,0,0,0,0,0,0,0,0,5.977120803,30.84255189,0,0,0,7.080488212,0,2.423419459,0,20.80102762,0,0,0,0,0,0,15.08931347,15.08931347,0,0,0,0,0,0,0,0,0,0,0,0,0,0,0,0,0,0,,,,,,,,,,,,,,,,,,,,,,,,,,,,,,,,,,,,,,,,,,,,,,
Mustard,Dinajpur,Birganj,,,,,,,,,,,,,,,,,,,,,,,,,,,,,,,,0,0,0,0,0,0,0,0,0,0,0,0,0,0,0,0,0,0,0,0,0.000169021,1.903774848,0.04723934,2.875338305,0.606508405,0,0,0,0,0,0,0,0,0,0,0,0,0,0,0,0,0,0,0.862821235,0,51.6212294,0,0.478346243,0,0,0,0,7.272378137,0,16.48933079,0,8.969203213,0,0,0,0,0,0,0,4.47770234,0,0,0,0,0,0,0,0,0,,,,,,,,,,,,,,,,,,,,,,,,,,,,,,,,,,,,,,,,,,,,,,
Mustard,Dinajpur,Birol,,,,,,,,,,,,,,,,,,,,,,,,,,,,,,,,0,0,0,0,0,0,0,0,0,0,0,0,0.509313516,0,0,0,0,0,0,0,0,4.917599949,0,0,0.946803537,0,0,0,0,0,0,0,0,0,0,0,0,0,0,0,0,0,0,2.617407902,0,42.60593567,0,14.2384239,0,0,0,0,0,0,7.768467173,0,15.77743351,0,0,0,0,0,0,0,0,0,0,0,0,0,0,0,0,0,,,,,,,,,,,,,,,,,,,,,,,,,,,,,,,,,,,,,,,,,,,,,,
Mustard,Dinajpur,Bochaganj,,,,,,,,,,,,,,,,,,,,,,,,,,,,,,,,0,0,0,0,0,0,0,0,0.409773509,0,0,0,0.954665463,0,0,0,0,0,0,0,0,5.163074273,0,0,0.165416313,0,0,0,0,0,0,0,0,0,0,0,0,0,0,0,0,0,0,18.66931583,0,34.36749615,0,1.787248611,0,0,0,0,0,0,0.653013253,0,20.53325788,0,0,0,0,0,0,0,0,0,0,0,0,0,0,0,0,0,,,,,,,,,,,,,,,,,,,,,,,,,,,,,,,,,,,,,,,,,,,,,,
Mustard,Dinajpur,Chirirbandar,,,,,,,,,,,,,,,,,,,,,,,,,,,,,,,,0,0,0,0,0,0,0,0,0,0,0,0,0,0,0,0,0,0,0.132294581,0,0.000503853,0.33373244,0.104476045,5.370077708,0.101899109,0,0,0,0,0,0,0,0,0,0,0,0,0,0,0,0,0,0,0,0,63.98499165,0,0,0,0,0,0,0.71430633,0,21.20334006,0,15.75797427,0,0,0,0,0,0,0,8.887144728,0,0,0,0,0,0,0,0,0,,,,,,,,,,,,,,,,,,,,,,,,,,,,,,,,,,,,,,,,,,,,,,
Mustard,Dinajpur,Dinajpur Sadar,,,,,,,,,,,,,,,,,,,,,,,,,,,,,,,,0,0,0,0,0,0,0,0,0,0,0,0,0.007235545,0,0,0,0,0,2.206082211,0,0,2.410861539,0.002003587,2.119517973,0.251438113,0,0,0,0,0,0,0,0,0,0,0,0,0,0,0,0,0,0,0.183703626,0,53.9140319,0,3.917831436,0,0,0,0,0,0,10.6562167,0,19.41272643,0,0,0,0,0,0,0,2.318566913,0,0,0,0,0,0,0,0,0,,,,,,,,,,,,,,,,,,,,,,,,,,,,,,,,,,,,,,,,,,,,,,
Mustard,Dinajpur,Fulbari,,,,,,,,,,,,,,,,,,,,,,,,,,,,,,,,0,0,0,0,0,0,0,0,0,0,0,0,0,0,0,0,0,0,0.518743408,0.758551775,0.000512881,0.105754231,0.089423536,5.328022517,0.023785497,0,0,0,0,0,0,0,0,0,0,0,0,0,0,0,0,0,0,0,0,66.59656067,0,0,0,0,0,0,0,0,13.11652848,0,24.80550649,0.170810264,0,0,0,0,0,0,1.603320711,0,0,0,0,0,0,0,0,0,,,,,,,,,,,,,,,,,,,,,,,,,,,,,,,,,,,,,,,,,,,,,,
Cauliflower,Dinajpur,Ghoraghat,,,,,,,,,,,,,,,,,,,,,,,,,,,,,,,,,,,,,,,,,,,,,,,,,,,,,,,,,,,,,,,,,,,,,,,,,,,,,,,,,,,,,,,,,,,0,0,0,0,0,0,0,0,0,0,0,0,0,0,0,8.34340651,0,8.857833963,0,0,0,0,0,0,10.18667895,14.91787534,10.70674523,10.64809468,39.21270026,0,,,,,,,,,,,,,,,,,,,,,,,,,,,,,,,
Cauliflower,Dinajpur,Hakimpur,,,,,,,,,,,,,,,,,,,,,,,,,,,,,,,,,,,,,,,,,,,,,,,,,,,,,,,,,,,,,,,,,,,,,,,,,,,,,,,,,,,,,,,,,,,0,0,0,0,0,0,0,0,0,0,0,0,0,0,0,10.38790415,0,6.637279595,0,0,0,0,0,0,7.528060727,19.46269925,17.11748168,10.4448108,40.9149321,0,,,,,,,,,,,,,,,,,,,,,,,,,,,,,,,
Cauliflower,Dinajpur,Kaharole,,,,,,,,,,,,,,,,,,,,,,,,,,,,,,,,,,,,,,,,,,,,,,,,,,,,,,,,,,,,,,,,,,,,,,,,,,,,,,,,,,,,,,,,,,,0,0,0,0,0,0,0,0,0,0,0,0,0,0,0,9.181611644,0,6.618809244,0,0,0,0,0,0,7.156512703,10.33166212,24.01913444,0,48.03826887,0,,,,,,,,,,,,,,,,,,,,,,,,,,,,,,,
Cauliflower,Dinajpur,Khansama,,,,,,,,,,,,,,,,,,,,,,,,,,,,,,,,,,,,,,,,,,,,,,,,,,,,,,,,,,,,,,,,,,,,,,,,,,,,,,,,,,,,,,,,,,,0,0,0,0,0,0,0,0,0,0,0,0,0,0,0,9.491231477,0,5.064597414,0,0,0,0,0,0,3.778085885,20.11167163,32.83710114,0.134000979,40.22334326,0,,,,,,,,,,,,,,,,,,,,,,,,,,,,,,,
Cauliflower,Dinajpur,Nababganj,,,,,,,,,,,,,,,,,,,,,,,,,,,,,,,,,,,,,,,,,,,,,,,,,,,,,,,,,,,,,,,,,,,,,,,,,,,,,,,,,,,,,,,,,,,0,0,0,0,0,0,0,0,0,0,0,0,0,0,0,12.26800002,0,8.556923936,0,0,0,0,0,0,9.427711608,21.55521146,2.073354562,11.11222793,43.11042292,0,,,,,,,,,,,,,,,,,,,,,,,,,,,,,,,
Cauliflower,Dinajpur,Parbatipur,,,,,,,,,,,,,,,,,,,,,,,,,,,,,,,,,,,,,,,,,,,,,,,,,,,,,,,,,,,,,,,,,,,,,,,,,,,,,,,,,,,,,,,,,,,0,0,0,0,0,0,0,0,0,0,0,0,0,0,0,10.71487886,0,11.95748831,0,0,0,0,0,0,6.057209316,21.8477186,18.46975261,10.0299059,39.42228583,0,,,,,,,,,,,,,,,,,,,,,,,,,,,,,,,
Cauliflower,Gaibandha,Fulchhari,,,,,,,,,,,,,,,,,,,,,,,,,,,,,,,,,,,,,,,,,,,,,,,,,,,,,,,,,,,,,,,,,,,,,,,,,,,,,,,,,,,,,,,,,,,0,0,0,0,0,0,0,0,0,0,0,0,0,0,0,1.581826937,0,19.62301629,0,0,0,0,0,0,0.103615279,21.36242677,29.44392498,23.48638475,33.85495695,0,,,,,,,,,,,,,,,,,,,,,,,,,,,,,,,
Cauliflower,Gaibandha,Gaibandha Sadar,,,,,,,,,,,,,,,,,,,,,,,,,,,,,,,,,,,,,,,,,,,,,,,,,,,,,,,,,,,,,,,,,,,,,,,,,,,,,,,,,,,,,,,,,,,0,0,0,0,0,0,0,0,0,0,0,0,0,0,0,11.49940723,0,6.219115864,0,0,0,0,0,0,4.091898018,21.65230092,27.97122484,13.72928365,39.96054988,0,,,,,,,,,,,,,,,,,,,,,,,,,,,,,,,
Cauliflower,Gaibandha,Gobindaganj,,,,,,,,,,,,,,,,,,,,,,,,,,,,,,,,,,,,,,,,,,,,,,,,,,,,,,,,,,,,,,,,,,,,,,,,,,,,,,,,,,,,,,,,,,,0,0,0,0,0,0.430362127,0,0,0,0,0,0,0,0,0,5.92092769,0,7.547968976,0,0,0,0,0,0,0.017904945,12.13333808,37.13605979,5.666351756,37.13605979,0,,,,,,,,,,,,,,,,,,,,,,,,,,,,,,,
Cauliflower,Gaibandha,Palashbari,,,,,,,,,,,,,,,,,,,,,,,,,,,,,,,,,,,,,,,,,,,,,,,,,,,,,,,,,,,,,,,,,,,,,,,,,,,,,,,,,,,,,,,,,,,0,0,0,0,0,0,0,0,0,0,0,0,0,0,0,7.320824249,0,16.13045928,0,0,0,0,0,0,9.996411992,27.84884468,0.40885823,2.133638843,37.55990168,0,,,,,,,,,,,,,,,,,,,,,,,,,,,,,,,
