Product,District,Upazila,Partner,Coverage,Peril,Premium,Year,Clients,Excessive_Window,Excessive_Trigger,Excessive_Exit,Excessive_Rate,Excessive_MinPayout,Excessive_MaxPayout,Deficit_Window,Deficit_Trigger,Deficit_Rate,Deficit_MinPayout,Deficit_MaxPayout,Deficit_DailyCap,Heat_Window,Heat_Trigger,Heat_Exit,Heat_Rate,Heat_MinPayout,Heat_MaxPayout,Cold_Window,Cold_Trigger,Cold_Exit,Cold_Rate,Cold_MinPayout,Cold_MaxPayout
Potato,Bagerhat,Bagerhat Sadar,CARITAS Bangladesh,16 February - 15 April,"Excessive Rainfall, Deficit Rainfallive",5.31,2025,CARITAS Bangladesh,5,39,84,1.5%,10%,40%,45,50,2.00%,5%,20%,50,,,,,,,,,,,,
Potato,Bagerhat,Chitalmari,CARITAS Bangladesh,16 February - 15 April,"Excessive Rainfall, Deficit Rainfallive",5.31,2025,CARITAS Bangladesh,5,140,185,1.5%,10%,40%,45,60,1.00%,5%,20%,50,,,,,,,,,,,,
Potato,Bagerhat,Fakirhat,CARITAS Bangladesh,16 February - 15 April,"Excessive Rainfall, Deficit Rainfallive",5.31,2025,CARITAS Bangladesh,5,100,145,1.5%,10%,40%,45,53,1.54%,5%,20%,50,,,,,,,,,,,,
Potato,Bagerhat,Kachua,CARITAS Bangladesh,16 February - 15 April,"Excessive Rainfall, Deficit Rainfallive",5.31,2025,CARITAS Bangladesh,5,75,95,1.5%,10%,40%,45,100,1.67%,5%,20%,50,,,,,,,,,,,,
Potato,Bagerhat,Mollahat,CARITAS Bangladesh,16 February - 15 April,"Excessive Rainfall, Deficit Rainfallive",5.31,2025,CARITAS Bangladesh,5,85,130,1.5%,10%,40%,45,60,1.00%,5%,20%,50,,,,,,,,,,,,
Potato,Bagerhat,Mongla,CARITAS Bangladesh,16 February - 15 April,"Excessive Rainfall, Deficit Rainfallive",5.31,2025,CARITAS Bangladesh,5,75,120,1.5%,10%,40%,45,55,1.33%,5%,20%,50,,,,,,,,,,,,
Potato,Bagerhat,Morelganj,CARITAS Bangladesh,16 February - 15 April,"Excessive Rainfall, Deficit Rainfallive",5.31,2025,CARITAS Bangladesh,5,150,195,1.5%,10%,40%,45,90,0.40%,5%,20%,50,,,,,,,,,,,,
Potato,Bagerhat,Rampal,CARITAS Bangladesh,16 February - 15 April,"Excessive Rainfall, Deficit Rainfallive",5.31,2025,CARITAS Bangladesh,5,51,96,1.5%,10%,40%,45,53,1.54%,5%,20%,50,,,,,,,,,,,,
Potato,Bagerhat,Sharankhola,CARITAS Bangladesh,16 February - 15 April,"Excessive Rainfall, Deficit Rainfallive",5.31,2025,CARITAS Bangladesh,5,45,90,1.5%,10%,40%,45,52,1.67%,5%,20%,50,,,,,,,,,,,,
Potato,Chuadanga,Alamdanga,CARITAS Bangladesh,16 February - 15 April,"Excessive Rainfall, Deficit Rainfallive",5.31,2025,CARITAS Bangladesh,5,35,80,1.5%,10%,40%,45,55,1.33%,5%,20%,50,,,,,,,,,,,,
Potato,Chuadanga,Chuadanga Sadar,CARITAS Bangladesh,16 February - 15 April,"Excessive Rainfall, Deficit Rainfallive",5.31,2025,CARITAS Bangladesh,5,50,95,1.5%,10%,40%,45,55,1.33%,5%,20%,50,,,,,,,,,,,,
Potato,Chuadanga,Damurhuda,CARITAS Bangladesh,16 February - 15 April,"Excessive Rainfall, Deficit Rainfallive",5.31,2025,CARITAS Bangladesh,5,150,195,1.5%,10%,40%,45,90,0.40%,5%,20%,50,,,,,,,,,,,,
Potato,Chuadanga,Jibannagar,CARITAS Bangladesh,16 February - 15 April,"Excessive Rainfall, Deficit Rainfallive",5.31,2025,CARITAS Bangladesh,5,85,130,1.5%,10%,40%,45,60,1.00%,5%,20%,50,,,,,,,,,,,,
Potato,Jashore,Abhaynagar,CARITAS Bangladesh,16 February - 15 April,"Excessive Rainfall, Deficit Rainfallive",5.31,2025,CARITAS Bangladesh,5,70,115,1.5%,10%,40%,45,54,1.43%,5%,20%,50,,,,,,,,,,,,
Potato,Jashore,Bagharpara,CARITAS Bangladesh,16 February - 15 April,"Excessive Rainfall, Deficit Rainfallive",5.31,2025,CARITAS Bangladesh,5,50,95,1.5%,10%,40%,45,50,2.00%,5%,20%,50,,,,,,,,,,,,
Potato,Jashore,Chaugachha,CARITAS Bangladesh,16 February - 15 April,"Excessive Rainfall, Deficit Rainfallive",5.31,2025,CARITAS Bangladesh,5,145,190,1.5%,10%,40%,45,64,0.83%,5%,20%,50,,,,,,,,,,,,
Potato,Jashore,Jashore Sadar,CARITAS Bangladesh,16 February - 15 April,"Excessive Rainfall, Deficit Rainfallive",5.31,2025,CARITAS Bangladesh,5,62,107,1.5%,10%,40%,45,58,1.11%,5%,20%,50,,,,,,,,,,,,
Potato,Jashore,Jhikargachha,CARITAS Bangladesh,16 February - 15 April,"Excessive Rainfall, Deficit Rainfallive",5.31,2025,CARITAS Bangladesh,5,175,220,1.5%,10%,40%,45,70,0.67%,5%,20%,50,,,,,,,,,,,,
Potato,Jashore,Keshabpur,CARITAS Bangladesh,16 February - 15 April,"Excessive Rainfall, Deficit Rainfallive",5.31,2025,CARITAS Bangladesh,5,115,160,1.5%,10%,40%,45,60,1.00%,5%,20%,50,,,,,,,,,,,,
Potato,Jashore,Manirampur,CARITAS Bangladesh,16 February - 15 April,"Excessive Rainfall, Deficit Rainfallive",5.31,2025,CARITAS Bangladesh,5,60,105,1.5%,10%,40%,45,51,1.82%,5%,20%,50,,,,,,,,,,,,
Potato,Jashore,Sharsha,CARITAS Bangladesh,16 February - 15 April,"Excessive Rainfall, Deficit Rainfallive",5.31,2025,CARITAS Bangladesh,5,110,155,1.5%,10%,40%,45,55,1.33%,5%,20%,50,,,,,,,,,,,,
Potato,Jhenaidah,Harinakundu,CARITAS Bangladesh,16 February - 15 April,"Excessive Rainfall, Deficit Rainfallive",5.31,2025,CARITAS Bangladesh,5,105,150,1.5%,10%,40%,45,55,1.33%,5%,20%,50,,,,,,,,,,,,
Potato,Jhenaidah,Jhenaidah Sadar,CARITAS Bangladesh,16 February - 15 April,"Excessive Rainfall, Deficit Rainfallive",5.31,2025,CARITAS Bangladesh,5,45,90,1.5%,10%,40%,45,52,1.67%,5%,20%,50,,,,,,,,,,,,
Potato,Jhenaidah,Kaliganj,CARITAS Bangladesh,16 February - 15 April,"Excessive Rainfall, Deficit Rainfallive",5.31,2025,CARITAS Bangladesh,5,60,105,1.5%,10%,40%,45,52,1.67%,5%,20%,50,,,,,,,,,,,,
Potato,Jhenaidah,Kotchandpur,CARITAS Bangladesh,16 February - 15 April,"Excessive Rainfall, Deficit Rainfallive",5.31,2025,CARITAS Bangladesh,5,31,76,1.5%,10%,40%,45,49.5,2.11%,5%,20%,50,,,,,,,,,,,,
Potato,Jhenaidah,Maheshpur,CARITAS Bangladesh,16 February - 15 April,"Excessive Rainfall, Deficit Rainfallive",5.31,2025,CARITAS Bangladesh,5,285,330,1.5%,10%,40%,45,95,0.36%,5%,20%,50,,,,,,,,,,,,
Potato,Jhenaidah,Shailkupa,CARITAS Bangladesh,16 February - 15 April,"Excessive Rainfall, Deficit Rainfallive",5.31,2025,CARITAS Bangladesh,5,90,135,1.5%,10%,40%,45,55,1.33%,5%,20%,50,,,,,,,,,,,,
Potato,Khulna,Batiaghata,CARITAS Bangladesh,16 February - 15 April,"Excessive Rainfall, Deficit Rainfallive",5.31,2025,CARITAS Bangladesh,5,65,110,1.5%,10%,40%,45,51.5,1.74%,5%,20%,50,,,,,,,,,,,,
Potato,Khulna,Dacope,CARITAS Bangladesh,16 February - 15 April,"Excessive Rainfall, Deficit Rainfallive",5.31,2025,CARITAS Bangladesh,5,75,120,1.5%,10%,40%,45,55,1.33%,5%,20%,50,,,,,,,,,,,,
Potato,Khulna,Dighalia,CARITAS Bangladesh,16 February - 15 April,"Excessive Rainfall, Deficit Rainfallive",5.31,2025,CARITAS Bangladesh,5,49,94,1.5%,10%,40%,45,50,2.00%,5%,20%,50,,,,,,,,,,,,
Potato,Khulna,Dumuria,CARITAS Bangladesh,16 February - 15 April,"Excessive Rainfall, Deficit Rainfallive",5.31,2025,CARITAS Bangladesh,5,95,140,1.5%,10%,40%,45,56,1.25%,5%,20%,50,,,,,,,,,,,,
Potato,Khulna,Koyra,CARITAS Bangladesh,16 February - 15 April,"Excessive Rainfall, Deficit Rainfallive",5.31,2025,CARITAS Bangladesh,5,170,215,1.5%,10%,40%,45,65,0.80%,5%,20%,50,,,,,,,,,,,,
Potato,Khulna,Paikgachha,CARITAS Bangladesh,16 February - 15 April,"Excessive Rainfall, Deficit Rainfallive",5.31,2025,CARITAS Bangladesh,5,150,195,1.5%,10%,40%,45,70,0.67%,5%,20%,50,,,,,,,,,,,,
Potato,Khulna,Phultala,CARITAS Bangladesh,16 February - 15 April,"Excessive Rainfall, Deficit Rainfallive",5.31,2025,CARITAS Bangladesh,5,140,185,1.5%,10%,40%,45,70,0.67%,5%,20%,50,,,,,,,,,,,,
Potato,Khulna,Rupsa,CARITAS Bangladesh,16 February - 15 April,"Excessive Rainfall, Deficit Rainfallive",5.31,2025,CARITAS Bangladesh,5,135,180,1.5%,10%,40%,45,60,1.00%,5%,20%,50,,,,,,,,,,,,
Potato,Khulna,Terokhada,CARITAS Bangladesh,16 February - 15 April,"Excessive Rainfall, Deficit Rainfallive",5.31,2025,CARITAS Bangladesh,5,105,150,1.5%,10%,40%,45,55,1.33%,5%,20%,50,,,,,,,,,,,,
Potato,Kushtia,Bheramara,CARITAS Bangladesh,16 February - 15 April,"Excessive Rainfall, Deficit Rainfallive",5.31,2025,CARITAS Bangladesh,5,80,125,1.5%,10%,40%,45,55,1.33%,5%,20%,50,,,,,,,,,,,,
Potato,Kushtia,Daulatpur,CARITAS Bangladesh,16 February - 15 April,"Excessive Rainfall, Deficit Rainfallive",5.31,2025,CARITAS Bangladesh,5,40,85,1.5%,10%,40%,45,55,1.33%,5%,20%,50,,,,,,,,,,,,
Potato,Kushtia,Khoksa,CARITAS Bangladesh,16 February - 15 April,"Excessive Rainfall, Deficit Rainfallive",5.31,2025,CARITAS Bangladesh,5,125,170,1.5%,10%,40%,45,60,1.00%,5%,20%,50,,,,,,,,,,,,
Potato,Kushtia,Kumarkhali,CARITAS Bangladesh,16 February - 15 April,"Excessive Rainfall, Deficit Rainfallive",5.31,2025,CARITAS Bangladesh,5,285,330,1.5%,10%,40%,45,90,0.40%,5%,20%,50,,,,,,,,,,,,
Potato,Kushtia,Kushtia Sadar,CARITAS Bangladesh,16 February - 15 April,"Excessive Rainfall, Deficit Rainfallive",5.31,2025,CARITAS Bangladesh,5,95,140,1.5%,10%,40%,45,60,1.00%,5%,20%,50,,,,,,,,,,,,
Potato,Kushtia,Mirpur,CARITAS Bangladesh,16 February - 15 April,"Excessive Rainfall, Deficit Rainfallive",5.31,2025,CARITAS Bangladesh,5,34,79,1.5%,10%,40%,45,49.5,2.11%,5%,20%,50,,,,,,,,,,,,
Potato,Magura,Magura Sadar,CARITAS Bangladesh,16 February - 15 April,"Excessive Rainfall, Deficit Rainfallive",5.31,2025,CARITAS Bangladesh,5,65,110,1.5%,10%,40%,45,60,1.00%,5%,20%,50,,,,,,,,,,,,
Potato,Magura,Mohammadpur,CARITAS Bangladesh,16 February - 15 April,"Excessive Rainfall, Deficit Rainfallive",5.31,2025,CARITAS Bangladesh,5,75,105,1.5%,10%,40%,45,100,1.67%,5%,20%,50,,,,,,,,,,,,
Potato,Magura,Shalikha,CARITAS Bangladesh,16 February - 15 April,"Excessive Rainfall, Deficit Rainfallive",5.31,2025,CARITAS Bangladesh,5,75,90,1.5%,10%,40%,45,100,1.82%,5%,20%,50,,,,,,,,,,,,
Potato,Magura,Sreepur,CARITAS Bangladesh,16 February - 15 April,"Excessive Rainfall, Deficit Rainfallive",5.31,2025,CARITAS Bangladesh,5,130,175,1.5%,10%,40%,45,60,1.00%,5%,20%,50,,,,,,,,,,,,
Potato,Meherpur,Gangni,CARITAS Bangladesh,16 February - 15 April,"Excessive Rainfall, Deficit Rainfallive",5.31,2025,CARITAS Bangladesh,5,105,150,1.5%,10%,40%,45,55,1.33%,5%,20%,50,,,,,,,,,,,,
Potato,Meherpur,Meherpur Sadar,CARITAS Bangladesh,16 February - 15 April,"Excessive Rainfall, Deficit Rainfallive",5.31,2025,CARITAS Bangladesh,5,50,95,1.5%,10%,40%,45,52,1.67%,5%,20%,50,,,,,,,,,,,,
Potato,Meherpur,Mujibnagar,CARITAS Bangladesh,16 February - 15 April,"Excessive Rainfall, Deficit Rainfallive",5.31,2025,CARITAS Bangladesh,5,70,115,1.5%,10%,40%,45,55,1.33%,5%,20%,50,,,,,,,,,,,,
Potato,Narail,Kalia,CARITAS Bangladesh,16 February - 15 April,"Excessive Rainfall, Deficit Rainfallive",5.31,2025,CARITAS Bangladesh,5,145,190,1.5%,10%,40%,45,60,1.00%,5%,20%,50,,,,,,,,,,,,
Potato,Narail,Lohagara,CARITAS Bangladesh,16 February - 15 April,"Excessive Rainfall, Deficit Rainfallive",5.31,2025,CARITAS Bangladesh,5,80,125,1.5%,10%,40%,45,55,1.33%,5%,20%,50,,,,,,,,,,,,
Potato,Narail,Narail Sadar,CARITAS Bangladesh,16 February - 15 April,"Excessive Rainfall, Deficit Rainfallive",5.31,2025,CARITAS Bangladesh,5,175,220,1.5%,10%,40%,45,80,0.50%,5%,20%,50,,,,,,,,,,,,
Potato,Satkhira,Ashashuni,CARITAS Bangladesh,16 February - 15 April,"Excessive Rainfall, Deficit Rainfallive",5.31,2025,CARITAS Bangladesh,5,85,130,1.5%,10%,40%,45,60,1.00%,5%,20%,50,,,,,,,,,,,,
Potato,Satkhira,Debhata,CARITAS Bangladesh,16 February - 15 April,"Excessive Rainfall, Deficit Rainfallive",5.31,2025,CARITAS Bangladesh,5,180,225,1.5%,10%,40%,45,80,0.50%,5%,20%,50,,,,,,,,,,,,
Potato,Satkhira,Kalaroa,CARITAS Bangladesh,16 February - 15 April,"Excessive Rainfall, Deficit Rainfallive",5.31,2025,CARITAS Bangladesh,5,60,105,1.5%,10%,40%,45,54,1.43%,5%,20%,50,,,,,,,,,,,,
Potato,Satkhira,Kaliganj,CARITAS Bangladesh,16 February - 15 April,"Excessive Rainfall, Deficit Rainfallive",5.31,2025,CARITAS Bangladesh,5,65,110,1.5%,10%,40%,45,53,1.54%,5%,20%,50,,,,,,,,,,,,
Potato,Satkhira,Satkhira Sadar,CARITAS Bangladesh,16 February - 15 April,"Excessive Rainfall, Deficit Rainfallive",5.31,2025,CARITAS Bangladesh,5,30,75,1.5%,10%,40%,45,50,2.00%,5%,20%,50,,,,,,,,,,,,
Potato,Satkhira,Shyamnagar,CARITAS Bangladesh,16 February - 15 April,"Excessive Rainfall, Deficit Rainfallive",5.31,2025,CARITAS Bangladesh,5,80,125,1.5%,10%,40%,45,53,1.54%,5%,20%,50,,,,,,,,,,,,
Potato,Satkhira,Tala,CARITAS Bangladesh,16 February - 15 April,"Excessive Rainfall, Deficit Rainfallive",5.31,2025,CARITAS Bangladesh,5,285,330,1.5%,10%,40%,45,95,0.36%,5%,20%,50,,,,,,,,,,,,
Potato,Bogura,Adamdighi,CARITAS Bangladesh,16 February - 15 April,"Excessive Rainfall, Deficit Rainfallive",5.31,2025,CARITAS Bangladesh,5,40,85,1.5%,10%,40%,45,50,2.00%,5%,20%,50,,,,,,,,,,,,
Potato,Bogura,Bogura Sadar,CARITAS Bangladesh,16 February - 15 April,"Excessive Rainfall, Deficit Rainfallive",5.31,2025,CARITAS Bangladesh,5,40,85,1.5%,10%,40%,45,55,1.33%,5%,20%,50,,,,,,,,,,,,
Potato,Bogura,Dhunat,CARITAS Bangladesh,16 February - 15 April,"Excessive Rainfall, Deficit Rainfallive",5.31,2025,CARITAS Bangladesh,5,125,170,1.5%,10%,40%,45,60,1.00%,5%,20%,50,,,,,,,,,,,,
Potato,Bogura,Dupchachia,CARITAS Bangladesh,16 February - 15 April,"Excessive Rainfall, Deficit Rainfallive",5.31,2025,CARITAS Bangladesh,5,100,145,1.5%,10%,40%,45,55,1.33%,5%,20%,50,,,,,,,,,,,,
Potato,Bogura,Gabtali,CARITAS Bangladesh,16 February - 15 April,"Excessive Rainfall, Deficit Rainfallive",5.31,2025,CARITAS Bangladesh,5,45,90,1.5%,10%,40%,45,51,1.82%,5%,20%,50,,,,,,,,,,,,
Potato,Bogura,Kahaloo,CARITAS Bangladesh,16 February - 15 April,"Excessive Rainfall, Deficit Rainfallive",5.31,2025,CARITAS Bangladesh,5,70,115,1.5%,10%,40%,45,55,1.33%,5%,20%,50,,,,,,,,,,,,
Potato,Bogura,Nandigram,CARITAS Bangladesh,16 February - 15 April,"Excessive Rainfall, Deficit Rainfallive",5.31,2025,CARITAS Bangladesh,5,50,95,1.5%,10%,40%,45,50,2.00%,5%,20%,50,,,,,,,,,,,,
Potato,Bogura,Sariakandi,CARITAS Bangladesh,16 February - 15 April,"Excessive Rainfall, Deficit Rainfallive",5.31,2025,CARITAS Bangladesh,5,70,115,1.5%,10%,40%,45,55,1.33%,5%,20%,50,,,,,,,,,,,,
Potato,Bogura,Shajahanpur,CARITAS Bangladesh,16 February - 15 April,"Excessive Rainfall, Deficit Rainfallive",5.31,2025,CARITAS Bangladesh,5,65,110,1.5%,10%,40%,45,53,1.54%,5%,20%,50,,,,,,,,,,,,
Potato,Bogura,Sherpur,CARITAS Bangladesh,16 February - 15 April,"Excessive Rainfall, Deficit Rainfallive",5.31,2025,CARITAS Bangladesh,5,45,90,1.5%,10%,40%,45,52,1.67%,5%,20%,50,,,,,,,,,,,,
Potato,Bogura,Shibganj,CARITAS Bangladesh,16 February - 15 April,"Excessive Rainfall, Deficit Rainfallive",5.31,2025,CARITAS Bangladesh,5,130,175,1.5%,10%,40%,45,72,0.63%,5%,20%,50,,,,,,,,,,,,
Potato,Bogura,Sonatala,CARITAS Bangladesh,16 February - 15 April,"Excessive Rainfall, Deficit Rainfallive",5.31,2025,CARITAS Bangladesh,5,75,120,1.5%,10%,40%,45,55,1.33%,5%,20%,50,,,,,,,,,,,,
Potato,Chapainababganj,Bholahat,CARITAS Bangladesh,16 February - 15 April,"Excessive Rainfall, Deficit Rainfallive",5.31,2025,CARITAS Bangladesh,5,55,100,1.5%,10%,40%,45,52,1.67%,5%,20%,50,,,,,,,,,,,,
Potato,Chapainababganj,Chapainawabganj Sadar,CARITAS Bangladesh,16 February - 15 April,"Excessive Rainfall, Deficit Rainfallive",5.31,2025,CARITAS Bangladesh,5,65,110,1.5%,10%,40%,45,52,1.67%,5%,20%,50,,,,,,,,,,,,
Potato,Chapainababganj,Gomastapur,CARITAS Bangladesh,16 February - 15 April,"Excessive Rainfall, Deficit Rainfallive",5.31,2025,CARITAS Bangladesh,5,40,85,1.5%,10%,40%,45,55,1.33%,5%,20%,50,,,,,,,,,,,,
Potato,Chapainababganj,Nachole,CARITAS Bangladesh,16 February - 15 April,"Excessive Rainfall, Deficit Rainfallive",5.31,2025,CARITAS Bangladesh,5,48,93,1.5%,10%,40%,45,50,2.00%,5%,20%,50,,,,,,,,,,,,
Potato,Chapainababganj,Shibganj,CARITAS Bangladesh,16 February - 15 April,"Excessive Rainfall, Deficit Rainfallive",5.31,2025,CARITAS Bangladesh,5,125,170,1.5%,10%,40%,45,60,1.00%,5%,20%,50,,,,,,,,,,,,
Potato,Joypurhat,Akkelpur,CARITAS Bangladesh,16 February - 15 April,"Excessive Rainfall, Deficit Rainfallive",5.31,2025,CARITAS Bangladesh,5,130,175,1.5%,10%,40%,45,60,1.00%,5%,20%,50,,,,,,,,,,,,
Potato,Joypurhat,Joypurhat Sadar,CARITAS Bangladesh,16 February - 15 April,"Excessive Rainfall, Deficit Rainfallive",5.31,2025,CARITAS Bangladesh,5,50,95,1.5%,10%,40%,45,51,1.82%,5%,20%,50,,,,,,,,,,,,
Potato,Joypurhat,Kalai,CARITAS Bangladesh,16 February - 15 April,"Excessive Rainfall, Deficit Rainfallive",5.31,2025,CARITAS Bangladesh,5,85,100,1.5%,10%,40%,45,100,1.67%,5%,20%,50,,,,,,,,,,,,
Potato,Joypurhat,Khetlal,CARITAS Bangladesh,16 February - 15 April,"Excessive Rainfall, Deficit Rainfallive",5.31,2025,CARITAS Bangladesh,5,75,120,1.5%,10%,40%,45,54,1.43%,5%,20%,50,,,,,,,,,,,,
Potato,Joypurhat,Panchbibi,CARITAS Bangladesh,16 February - 15 April,"Excessive Rainfall, Deficit Rainfallive",5.31,2025,CARITAS Bangladesh,5,95,140,1.5%,10%,40%,45,60,1.00%,5%,20%,50,,,,,,,,,,,,
Potato,Naogaon,Atrai,CARITAS Bangladesh,16 February - 15 April,"Excessive Rainfall, Deficit Rainfallive",5.31,2025,CARITAS Bangladesh,5,75,120,1.5%,10%,40%,45,60,1.00%,5%,20%,50,,,,,,,,,,,,
Potato,Naogaon,Badalgachhi,CARITAS Bangladesh,16 February - 15 April,"Excessive Rainfall, Deficit Rainfallive",5.31,2025,CARITAS Bangladesh,5,135,180,1.5%,10%,40%,45,70,0.67%,5%,20%,50,,,,,,,,,,,,
Potato,Naogaon,Dhamoirhat,CARITAS Bangladesh,16 February - 15 April,"Excessive Rainfall, Deficit Rainfallive",5.31,2025,CARITAS Bangladesh,5,120,165,1.5%,10%,40%,45,65,0.80%,5%,20%,50,,,,,,,,,,,,
Potato,Naogaon,Mahadebpur,CARITAS Bangladesh,16 February - 15 April,"Excessive Rainfall, Deficit Rainfallive",5.31,2025,CARITAS Bangladesh,5,80,125,1.5%,10%,40%,45,58,1.11%,5%,20%,50,,,,,,,,,,,,
Potato,Naogaon,Manda,CARITAS Bangladesh,16 February - 15 April,"Excessive Rainfall, Deficit Rainfallive",5.31,2025,CARITAS Bangladesh,5,185,230,1.5%,10%,40%,45,74,0.59%,5%,20%,50,,,,,,,,,,,,
Potato,Naogaon,Naogaon Sadar,CARITAS Bangladesh,16 February - 15 April,"Excessive Rainfall, Deficit Rainfallive",5.31,2025,CARITAS Bangladesh,5,195,240,1.5%,10%,40%,45,85,0.44%,5%,20%,50,,,,,,,,,,,,
Potato,Naogaon,Niamatpur,CARITAS Bangladesh,16 February - 15 April,"Excessive Rainfall, Deficit Rainfallive",5.31,2025,CARITAS Bangladesh,5,65,110,1.5%,10%,40%,45,53,1.54%,5%,20%,50,,,,,,,,,,,,
Potato,Naogaon,Patnitala,CARITAS Bangladesh,16 February - 15 April,"Excessive Rainfall, Deficit Rainfallive",5.31,2025,CARITAS Bangladesh,5,205,250,1.5%,10%,40%,45,85,0.44%,5%,20%,50,,,,,,,,,,,,
Potato,Naogaon,Porsha,CARITAS Bangladesh,16 February - 15 April,"Excessive Rainfall, Deficit Rainfallive",5.31,2025,CARITAS Bangladesh,5,80,125,1.5%,10%,40%,45,60,1.00%,5%,20%,50,,,,,,,,,,,,
Potato,Naogaon,Raninagar,CARITAS Bangladesh,16 February - 15 April,"Excessive Rainfall, Deficit Rainfallive",5.31,2025,CARITAS Bangladesh,5,85,100,1.5%,10%,40%,45,100,1.82%,5%,20%,50,,,,,,,,,,,,
Potato,Naogaon,Sapahar,CARITAS Bangladesh,16 February - 15 April,"Excessive Rainfall, Deficit Rainfallive",5.31,2025,CARITAS Bangladesh,5,90,135,1.5%,10%,40%,45,65,0.80%,5%,20%,50,,,,,,,,,,,,
Potato,Natore,Bagatipara,CARITAS Bangladesh,16 February - 15 April,"Excessive Rainfall, Deficit Rainfallive",5.31,2025,CARITAS Bangladesh,5,80,95,1.5%,10%,40%,45,100,1.90%,5%,20%,50,,,,,,,,,,,,
Potato,Natore,Baraigram,CARITAS Bangladesh,16 February - 15 April,"Excessive Rainfall, Deficit Rainfallive",5.31,2025,CARITAS Bangladesh,5,140,185,1.5%,10%,40%,45,64,0.83%,5%,20%,50,,,,,,,,,,,,
Potato,Natore,Gurudaspur,CARITAS Bangladesh,16 February - 15 April,"Excessive Rainfall, Deficit Rainfallive",5.31,2025,CARITAS Bangladesh,5,45,90,1.5%,10%,40%,45,50,2.00%,5%,20%,50,,,,,,,,,,,,
Potato,Natore,Lalpur,CARITAS Bangladesh,16 February - 15 April,"Excessive Rainfall, Deficit Rainfallive",5.31,2025,CARITAS Bangladesh,5,55,100,1.5%,10%,40%,45,51,1.82%,5%,20%,50,,,,,,,,,,,,
Potato,Natore,Naldanga,CARITAS Bangladesh,16 February - 15 April,"Excessive Rainfall, Deficit Rainfallive",5.31,2025,CARITAS Bangladesh,5,85,100,1.5%,10%,40%,45,100,1.82%,5%,20%,50,,,,,,,,,,,,
Potato,Natore,Natore Sadar,CARITAS Bangladesh,16 February - 15 April,"Excessive Rainfall, Deficit Rainfallive",5.31,2025,CARITAS Bangladesh,5,75,120,1.5%,10%,40%,45,60,1.00%,5%,20%,50,,,,,,,,,,,,
Potato,Natore,Singra,CARITAS Bangladesh,16 February - 15 April,"Excessive Rainfall, Deficit Rainfallive",5.31,2025,CARITAS Bangladesh,5,55,100,1.5%,10%,40%,45,58,1.11%,5%,20%,50,,,,,,,,,,,,
Potato,Pabna,Atgharia,CARITAS Bangladesh,16 February - 15 April,"Excessive Rainfall, Deficit Rainfallive",5.31,2025,CARITAS Bangladesh,5,155,200,1.5%,10%,40%,45,74,0.59%,5%,20%,50,,,,,,,,,,,,
Potato,Pabna,Bera,CARITAS Bangladesh,16 February - 15 April,"Excessive Rainfall, Deficit Rainfallive",5.31,2025,CARITAS Bangladesh,5,155,200,1.5%,10%,40%,45,74,0.59%,5%,20%,50,,,,,,,,,,,,
Potato,Pabna,Bhangura,CARITAS Bangladesh,16 February - 15 April,"Excessive Rainfall, Deficit Rainfallive",5.31,2025,CARITAS Bangladesh,5,80,125,1.5%,10%,40%,45,53,1.54%,5%,20%,50,,,,,,,,,,,,
Potato,Pabna,Chatmohar,CARITAS Bangladesh,16 February - 15 April,"Excessive Rainfall, Deficit Rainfallive",5.31,2025,CARITAS Bangladesh,5,60,105,1.5%,10%,40%,45,55,1.33%,5%,20%,50,,,,,,,,,,,,
Potato,Pabna,Faridpur,CARITAS Bangladesh,16 February - 15 April,"Excessive Rainfall, Deficit Rainfallive",5.31,2025,CARITAS Bangladesh,5,55,100,1.5%,10%,40%,45,52,1.67%,5%,20%,50,,,,,,,,,,,,
Potato,Pabna,Ishwardi,CARITAS Bangladesh,16 February - 15 April,"Excessive Rainfall, Deficit Rainfallive",5.31,2025,CARITAS Bangladesh,5,60,105,1.5%,10%,40%,45,52,1.67%,5%,20%,50,,,,,,,,,,,,
Potato,Pabna,Pabna Sadar,CARITAS Bangladesh,16 February - 15 April,"Excessive Rainfall, Deficit Rainfallive",5.31,2025,CARITAS Bangladesh,5,55,100,1.5%,10%,40%,45,52,1.67%,5%,20%,50,,,,,,,,,,,,
Potato,Pabna,Santhia,CARITAS Bangladesh,16 February - 15 April,"Excessive Rainfall, Deficit Rainfallive",5.31,2025,CARITAS Bangladesh,5,155,200,1.5%,10%,40%,45,74,0.59%,5%,20%,50,,,,,,,,,,,,
Potato,Pabna,Sujanagar,CARITAS Bangladesh,16 February - 15 April,"Excessive Rainfall, Deficit Rainfallive",5.31,2025,CARITAS Bangladesh,5,85,100,1.5%,10%,40%,45,100,1.82%,5%,20%,50,,,,,,,,,,,,
Potato,Rajshahi,Bagha,CARITAS Bangladesh,16 February - 15 April,"Excessive Rainfall, Deficit Rainfallive",5.31,2025,CARITAS Bangladesh,5,180,225,1.5%,10%,40%,45,74,0.59%,5%,20%,50,,,,,,,,,,,,
Potato,Rajshahi,Bagmara,CARITAS Bangladesh,16 February - 15 April,"Excessive Rainfall, Deficit Rainfallive",5.31,2025,CARITAS Bangladesh,5,60,105,1.5%,10%,40%,45,52,1.67%,5%,20%,50,,,,,,,,,,,,
Potato,Rajshahi,Charghat,CARITAS Bangladesh,16 February - 15 April,"Excessive Rainfall, Deficit Rainfallive",5.31,2025,CARITAS Bangladesh,5,100,145,1.5%,10%,40%,45,55,1.33%,5%,20%,50,,,,,,,,,,,,
Potato,Rajshahi,Durgapur,CARITAS Bangladesh,16 February - 15 April,"Excessive Rainfall, Deficit Rainfallive",5.31,2025,CARITAS Bangladesh,5,60,105,1.5%,10%,40%,45,52,1.67%,5%,20%,50,,,,,,,,,,,,
Potato,Rajshahi,Godagari,CARITAS Bangladesh,16 February - 15 April,"Excessive Rainfall, Deficit Rainfallive",5.31,2025,CARITAS Bangladesh,5,125,170,1.5%,10%,40%,45,60,1.00%,5%,20%,50,,,,,,,,,,,,
Potato,Rajshahi,Mohanpur,CARITAS Bangladesh,16 February - 15 April,"Excessive Rainfall, Deficit Rainfallive",5.31,2025,CARITAS Bangladesh,5,85,130,1.5%,10%,40%,45,55,1.33%,5%,20%,50,,,,,,,,,,,,
Potato,Rajshahi,Paba,CARITAS Bangladesh,16 February - 15 April,"Excessive Rainfall, Deficit Rainfallive",5.31,2025,CARITAS Bangladesh,5,95,140,1.5%,10%,40%,45,53,1.54%,5%,20%,50,,,,,,,,,,,,
Potato,Rajshahi,Puthia,CARITAS Bangladesh,16 February - 15 April,"Excessive Rainfall, Deficit Rainfallive",5.31,2025,CARITAS Bangladesh,5,45,90,1.5%,10%,40%,45,60,1.00%,5%,20%,50,,,,,,,,,,,,
Potato,Rajshahi,Tanore,CARITAS Bangladesh,16 February - 15 April,"Excessive Rainfall, Deficit Rainfallive",5.31,2025,CARITAS Bangladesh,5,120,165,1.5%,10%,40%,45,72,0.63%,5%,20%,50,,,,,,,,,,,,
Potato,Sirajganj,Belkuchi,CARITAS Bangladesh,16 February - 15 April,"Excessive Rainfall, Deficit Rainfallive",5.31,2025,CARITAS Bangladesh,5,75,120,1.5%,10%,40%,45,56,1.25%,5%,20%,50,,,,,,,,,,,,
Potato,Sirajganj,Chouhali,CARITAS Bangladesh,16 February - 15 April,"Excessive Rainfall, Deficit Rainfallive",5.31,2025,CARITAS Bangladesh,5,85,130,1.5%,10%,40%,45,55,1.33%,5%,20%,50,,,,,,,,,,,,
Potato,Sirajganj,Kamarkhanda,CARITAS Bangladesh,16 February - 15 April,"Excessive Rainfall, Deficit Rainfallive",5.31,2025,CARITAS Bangladesh,5,265,310,1.5%,10%,40%,45,90,0.40%,5%,20%,50,,,,,,,,,,,,
Potato,Sirajganj,Kazipur,CARITAS Bangladesh,16 February - 15 April,"Excessive Rainfall, Deficit Rainfallive",5.31,2025,CARITAS Bangladesh,5,85,100,1.5%,10%,40%,45,100,1.82%,5%,20%,50,,,,,,,,,,,,
Potato,Sirajganj,Rayganj,CARITAS Bangladesh,16 February - 15 April,"Excessive Rainfall, Deficit Rainfallive",5.31,2025,CARITAS Bangladesh,5,80,125,1.5%,10%,40%,45,70,0.67%,5%,20%,50,,,,,,,,,,,,
Potato,Sirajganj,Shahjadpur,CARITAS Bangladesh,16 February - 15 April,"Excessive Rainfall, Deficit Rainfallive",5.31,2025,CARITAS Bangladesh,5,125,170,1.5%,10%,40%,45,60,1.00%,5%,20%,50,,,,,,,,,,,,
Potato,Sirajganj,Sirajganj Sadar,CARITAS Bangladesh,16 February - 15 April,"Excessive Rainfall, Deficit Rainfallive",5.31,2025,CARITAS Bangladesh,5,140,185,1.5%,10%,40%,45,65,0.80%,5%,20%,50,,,,,,,,,,,,
Potato,Sirajganj,Tarash,CARITAS Bangladesh,16 February - 15 April,"Excessive Rainfall, Deficit Rainfallive",5.31,2025,CARITAS Bangladesh,5,135,180,1.5%,10%,40%,45,65,0.80%,5%,20%,50,,,,,,,,,,,,
Potato,Sirajganj,Ullapara,CARITAS Bangladesh,16 February - 15 April,"Excessive Rainfall, Deficit Rainfallive",5.31,2025,CARITAS Bangladesh,5,140,185,1.5%,10%,40%,45,75,0.57%,5%,20%,50,,,,,,,,,,,,
Potato,Barguna,Amtali,CARITAS Bangladesh,16 February - 15 April,"Excessive Rainfall, Deficit Rainfallive",5.31,2025,CARITAS Bangladesh,5,45,90,1.5%,10%,40%,45,51,1.82%,5%,20%,50,,,,,,,,,,,,
Potato,Barguna,Bamna,CARITAS Bangladesh,16 February - 15 April,"Excessive Rainfall, Deficit Rainfallive",5.31,2025,CARITAS Bangladesh,5,85,130,1.5%,10%,40%,45,58,1.11%,5%,20%,50,,,,,,,,,,,,
Potato,Barguna,Barguna Sadar,CARITAS Bangladesh,16 February - 15 April,"Excessive Rainfall, Deficit Rainfallive",5.31,2025,CARITAS Bangladesh,5,50,95,1.5%,10%,40%,45,52,1.67%,5%,20%,50,,,,,,,,,,,,
Potato,Barguna,Betagi,CARITAS Bangladesh,16 February - 15 April,"Excessive Rainfall, Deficit Rainfallive",5.31,2025,CARITAS Bangladesh,5,165,210,1.5%,10%,40%,45,70,0.67%,5%,20%,50,,,,,,,,,,,,
Potato,Barguna,Patharghata,CARITAS Bangladesh,16 February - 15 April,"Excessive Rainfall, Deficit Rainfallive",5.31,2025,CARITAS Bangladesh,5,60,105,1.5%,10%,40%,45,52,1.67%,5%,20%,50,,,,,,,,,,,,
Potato,Barguna,Taltali,CARITAS Bangladesh,16 February - 15 April,"Excessive Rainfall, Deficit Rainfallive",5.31,2025,CARITAS Bangladesh,5,32,77,1.5%,10%,40%,45,55,1.33%,5%,20%,50,,,,,,,,,,,,
Potato,Barishal,Agailjhara,CARITAS Bangladesh,16 February - 15 April,"Excessive Rainfall, Deficit Rainfallive",5.31,2025,CARITAS Bangladesh,5,80,125,1.5%,10%,40%,45,55,1.33%,5%,20%,50,,,,,,,,,,,,
Potato,Barishal,Babuganj,CARITAS Bangladesh,16 February - 15 April,"Excessive Rainfall, Deficit Rainfallive",5.31,2025,CARITAS Bangladesh,5,49,94,1.5%,10%,40%,45,51,1.82%,5%,20%,50,,,,,,,,,,,,
Potato,Barishal,Bakerganj,CARITAS Bangladesh,16 February - 15 April,"Excessive Rainfall, Deficit Rainfallive",5.31,2025,CARITAS Bangladesh,5,135,180,1.5%,10%,40%,45,72,0.63%,5%,20%,50,,,,,,,,,,,,
Potato,Barishal,Banaripara,CARITAS Bangladesh,16 February - 15 April,"Excessive Rainfall, Deficit Rainfallive",5.31,2025,CARITAS Bangladesh,5,145,190,1.5%,10%,40%,45,75,0.57%,5%,20%,50,,,,,,,,,,,,
Potato,Barishal,Barishal Sadar (Kotwali),CARITAS Bangladesh,16 February - 15 April,"Excessive Rainfall, Deficit Rainfallive",5.31,2025,CARITAS Bangladesh,5,45,90,1.5%,10%,40%,45,51,1.82%,5%,20%,50,,,,,,,,,,,,
Potato,Barishal,Gaurnadi,CARITAS Bangladesh,16 February - 15 April,"Excessive Rainfall, Deficit Rainfallive",5.31,2025,CARITAS Bangladesh,5,100,145,1.5%,10%,40%,45,55,1.33%,5%,20%,50,,,,,,,,,,,,
Potato,Barishal,Hijla,CARITAS Bangladesh,16 February - 15 April,"Excessive Rainfall, Deficit Rainfallive",5.31,2025,CARITAS Bangladesh,5,95,140,1.5%,10%,40%,45,55,1.33%,5%,20%,50,,,,,,,,,,,,
Potato,Barishal,Mehendiganj,CARITAS Bangladesh,16 February - 15 April,"Excessive Rainfall, Deficit Rainfallive",5.31,2025,CARITAS Bangladesh,5,105,150,1.5%,10%,40%,45,65,0.80%,5%,20%,50,,,,,,,,,,,,
Potato,Barishal,Muladi,CARITAS Bangladesh,16 February - 15 April,"Excessive Rainfall, Deficit Rainfallive",5.31,2025,CARITAS Bangladesh,5,50,95,1.5%,10%,40%,45,55,1.33%,5%,20%,50,,,,,,,,,,,,
Potato,Barishal,Ujirpur,CARITAS Bangladesh,16 February - 15 April,"Excessive Rainfall, Deficit Rainfallive",5.31,2025,CARITAS Bangladesh,5,90,135,1.5%,10%,40%,45,65,0.80%,5%,20%,50,,,,,,,,,,,,
Potato,Bhola,Bhola Sadar,CARITAS Bangladesh,16 February - 15 April,"Excessive Rainfall, Deficit Rainfallive",5.31,2025,CARITAS Bangladesh,5,45,90,1.5%,10%,40%,45,52,1.67%,5%,20%,50,,,,,,,,,,,,
Potato,Bhola,Borhanuddin,CARITAS Bangladesh,16 February - 15 April,"Excessive Rainfall, Deficit Rainfallive",5.31,2025,CARITAS Bangladesh,5,125,170,1.5%,10%,40%,45,60,1.00%,5%,20%,50,,,,,,,,,,,,
Potato,Bhola,Charfasson,CARITAS Bangladesh,16 February - 15 April,"Excessive Rainfall, Deficit Rainfallive",5.31,2025,CARITAS Bangladesh,5,45,90,1.5%,10%,40%,45,60,1.00%,5%,20%,50,,,,,,,,,,,,
Potato,Bhola,Daulatkhan,CARITAS Bangladesh,16 February - 15 April,"Excessive Rainfall, Deficit Rainfallive",5.31,2025,CARITAS Bangladesh,5,145,190,1.5%,10%,40%,45,70,0.67%,5%,20%,50,,,,,,,,,,,,
Potato,Bhola,Lalmohan,CARITAS Bangladesh,16 February - 15 April,"Excessive Rainfall, Deficit Rainfallive",5.31,2025,CARITAS Bangladesh,5,55,100,1.5%,10%,40%,45,52.5,1.60%,5%,20%,50,,,,,,,,,,,,
Potato,Bhola,Monpura,CARITAS Bangladesh,16 February - 15 April,"Excessive Rainfall, Deficit Rainfallive",5.31,2025,CARITAS Bangladesh,5,40,85,1.5%,10%,40%,45,55,1.33%,5%,20%,50,,,,,,,,,,,,
Potato,Bhola,Tazumuddin,CARITAS Bangladesh,16 February - 15 April,"Excessive Rainfall, Deficit Rainfallive",5.31,2025,CARITAS Bangladesh,5,130,175,1.5%,10%,40%,45,70,0.67%,5%,20%,50,,,,,,,,,,,,
Potato,Jhalokati,Jhalokathi Sadar,CARITAS Bangladesh,16 February - 15 April,"Excessive Rainfall, Deficit Rainfallive",5.31,2025,CARITAS Bangladesh,5,60,105,1.5%,10%,40%,45,52,1.67%,5%,20%,50,,,,,,,,,,,,
Potato,Jhalokati,Kanthalia,CARITAS Bangladesh,16 February - 15 April,"Excessive Rainfall, Deficit Rainfallive",5.31,2025,CARITAS Bangladesh,5,80,125,1.5%,10%,40%,45,55,1.33%,5%,20%,50,,,,,,,,,,,,
Potato,Jhalokati,Nalchhity,CARITAS Bangladesh,16 February - 15 April,"Excessive Rainfall, Deficit Rainfallive",5.31,2025,CARITAS Bangladesh,5,45,90,1.5%,10%,40%,45,52,1.67%,5%,20%,50,,,,,,,,,,,,
Potato,Jhalokati,Rajapur,CARITAS Bangladesh,16 February - 15 April,"Excessive Rainfall, Deficit Rainfallive",5.31,2025,CARITAS Bangladesh,5,95,140,1.5%,10%,40%,45,53,1.54%,5%,20%,50,,,,,,,,,,,,
Potato,Patuakhali,Bauphal,CARITAS Bangladesh,16 February - 15 April,"Excessive Rainfall, Deficit Rainfallive",5.31,2025,CARITAS Bangladesh,5,105,150,1.5%,10%,40%,45,55,1.33%,5%,20%,50,,,,,,,,,,,,
Potato,Patuakhali,Dashmina,CARITAS Bangladesh,16 February - 15 April,"Excessive Rainfall, Deficit Rainfallive",5.31,2025,CARITAS Bangladesh,5,70,115,1.5%,10%,40%,45,53,1.54%,5%,20%,50,,,,,,,,,,,,
Potato,Patuakhali,Dumki,CARITAS Bangladesh,16 February - 15 April,"Excessive Rainfall, Deficit Rainfallive",5.31,2025,CARITAS Bangladesh,5,65,110,1.5%,10%,40%,45,54,1.43%,5%,20%,50,,,,,,,,,,,,
Potato,Patuakhali,Galachipa,CARITAS Bangladesh,16 February - 15 April,"Excessive Rainfall, Deficit Rainfallive",5.31,2025,CARITAS Bangladesh,5,60,105,1.5%,10%,40%,45,54,1.43%,5%,20%,50,,,,,,,,,,,,
Potato,Patuakhali,Kalapara,CARITAS Bangladesh,16 February - 15 April,"Excessive Rainfall, Deficit Rainfallive",5.31,2025,CARITAS Bangladesh,5,40,85,1.5%,10%,40%,45,55,1.33%,5%,20%,50,,,,,,,,,,,,
Potato,Patuakhali,Mirzaganj,CARITAS Bangladesh,16 February - 15 April,"Excessive Rainfall, Deficit Rainfallive",5.31,2025,CARITAS Bangladesh,5,90,135,1.5%,10%,40%,45,55,1.33%,5%,20%,50,,,,,,,,,,,,
Potato,Patuakhali,Patuakhali Sadar,CARITAS Bangladesh,16 February - 15 April,"Excessive Rainfall, Deficit Rainfallive",5.31,2025,CARITAS Bangladesh,5,90,135,1.5%,10%,40%,45,60,1.00%,5%,20%,50,,,,,,,,,,,,
Potato,Patuakhali,Rangabali,CARITAS Bangladesh,16 February - 15 April,"Excessive Rainfall, Deficit Rainfallive",5.31,2025,CARITAS Bangladesh,5,55,100,1.5%,10%,40%,45,52,1.67%,5%,20%,50,,,,,,,,,,,,
Potato,Pirojpur,Bhandaria,CARITAS Bangladesh,16 February - 15 April,"Excessive Rainfall, Deficit Rainfallive",5.31,2025,CARITAS Bangladesh,5,60,105,1.5%,10%,40%,45,54,1.43%,5%,20%,50,,,,,,,,,,,,
Potato,Pirojpur,Indurkani,CARITAS Bangladesh,16 February - 15 April,"Excessive Rainfall, Deficit Rainfallive",5.31,2025,CARITAS Bangladesh,5,55,100,1.5%,10%,40%,45,55,1.33%,5%,20%,50,,,,,,,,,,,,
Potato,Pirojpur,Kawkhali,CARITAS Bangladesh,16 February - 15 April,"Excessive Rainfall, Deficit Rainfallive",5.31,2025,CARITAS Bangladesh,5,90,135,1.5%,10%,40%,45,60,1.00%,5%,20%,50,,,,,,,,,,,,
Potato,Pirojpur,Mathbaria,CARITAS Bangladesh,16 February - 15 April,"Excessive Rainfall, Deficit Rainfallive",5.31,2025,CARITAS Bangladesh,5,125,170,1.5%,10%,40%,45,60,1.00%,5%,20%,50,,,,,,,,,,,,
Potato,Pirojpur,Nazirpur,CARITAS Bangladesh,16 February - 15 April,"Excessive Rainfall, Deficit Rainfallive",5.31,2025,CARITAS Bangladesh,5,110,155,1.5%,10%,40%,45,60,1.00%,5%,20%,50,,,,,,,,,,,,
Potato,Pirojpur,Nesarabad (Swarupkathi),CARITAS Bangladesh,16 February - 15 April,"Excessive Rainfall, Deficit Rainfallive",5.31,2025,CARITAS Bangladesh,5,70,115,1.5%,10%,40%,45,55,1.33%,5%,20%,50,,,,,,,,,,,,
Potato,Pirojpur,Pirojpur Sadar,CARITAS Bangladesh,16 February - 15 April,"Excessive Rainfall, Deficit Rainfallive",5.31,2025,CARITAS Bangladesh,5,70,115,1.5%,10%,40%,45,54,1.43%,5%,20%,50,,,,,,,,,,,,
Potato,Jamalpur,Bakshiganj,CARITAS Bangladesh,16 February - 15 April,"Excessive Rainfall, Deficit Rainfallive",5.31,2025,CARITAS Bangladesh,5,45,90,1.5%,10%,40%,45,52,1.67%,5%,20%,50,,,,,,,,,,,,
Potato,Jamalpur,Dewanganj,CARITAS Bangladesh,16 February - 15 April,"Excessive Rainfall, Deficit Rainfallive",5.31,2025,CARITAS Bangladesh,5,100,145,1.5%,10%,40%,45,55,1.33%,5%,20%,50,,,,,,,,,,,,
Potato,Jamalpur,Islampur,CARITAS Bangladesh,16 February - 15 April,"Excessive Rainfall, Deficit Rainfallive",5.31,2025,CARITAS Bangladesh,5,55,100,1.5%,10%,40%,45,52,1.67%,5%,20%,50,,,,,,,,,,,,
Potato,Jamalpur,Jamalpur Sadar,CARITAS Bangladesh,16 February - 15 April,"Excessive Rainfall, Deficit Rainfallive",5.31,2025,CARITAS Bangladesh,5,70,115,1.5%,10%,40%,45,58.5,1.08%,5%,20%,50,,,,,,,,,,,,
Potato,Jamalpur,Madarganj,CARITAS Bangladesh,16 February - 15 April,"Excessive Rainfall, Deficit Rainfallive",5.31,2025,CARITAS Bangladesh,5,80,125,1.5%,10%,40%,45,70,0.67%,5%,20%,50,,,,,,,,,,,,
Potato,Jamalpur,Melandaha,CARITAS Bangladesh,16 February - 15 April,"Excessive Rainfall, Deficit Rainfallive",5.31,2025,CARITAS Bangladesh,5,55,100,1.5%,10%,40%,45,55,1.33%,5%,20%,50,,,,,,,,,,,,
Potato,Jamalpur,Sarishabari,CARITAS Bangladesh,16 February - 15 April,"Excessive Rainfall, Deficit Rainfallive",5.31,2025,CARITAS Bangladesh,5,115,160,1.5%,10%,40%,45,65,0.80%,5%,20%,50,,,,,,,,,,,,
Potato,Mymensingh,Bhaluka,CARITAS Bangladesh,16 February - 15 April,"Excessive Rainfall, Deficit Rainfallive",5.31,2025,CARITAS Bangladesh,5,85,100,1.5%,10%,40%,45,100,1.67%,5%,20%,50,,,,,,,,,,,,
Potato,Mymensingh,Dhobaura,CARITAS Bangladesh,16 February - 15 April,"Excessive Rainfall, Deficit Rainfallive",5.31,2025,CARITAS Bangladesh,5,50,95,1.5%,10%,40%,45,50,2.00%,5%,20%,50,,,,,,,,,,,,
Potato,Mymensingh,Fulbaria,CARITAS Bangladesh,16 February - 15 April,"Excessive Rainfall, Deficit Rainfallive",5.31,2025,CARITAS Bangladesh,5,225,270,1.5%,10%,40%,45,80,0.50%,5%,20%,50,,,,,,,,,,,,
Potato,Mymensingh,Fulpur,CARITAS Bangladesh,16 February - 15 April,"Excessive Rainfall, Deficit Rainfallive",5.31,2025,CARITAS Bangladesh,5,270,315,1.5%,10%,40%,45,85,0.44%,5%,20%,50,,,,,,,,,,,,
Potato,Mymensingh,Gafargaon,CARITAS Bangladesh,16 February - 15 April,"Excessive Rainfall, Deficit Rainfallive",5.31,2025,CARITAS Bangladesh,5,55,100,1.5%,10%,40%,45,52,1.67%,5%,20%,50,,,,,,,,,,,,
Potato,Mymensingh,Gouripur,CARITAS Bangladesh,16 February - 15 April,"Excessive Rainfall, Deficit Rainfallive",5.31,2025,CARITAS Bangladesh,5,85,130,1.5%,10%,40%,45,60,1.00%,5%,20%,50,,,,,,,,,,,,
Potato,Mymensingh,Haluaghat,CARITAS Bangladesh,16 February - 15 April,"Excessive Rainfall, Deficit Rainfallive",5.31,2025,CARITAS Bangladesh,5,75,120,1.5%,10%,40%,45,55,1.33%,5%,20%,50,,,,,,,,,,,,
Potato,Mymensingh,Ishwarganj,CARITAS Bangladesh,16 February - 15 April,"Excessive Rainfall, Deficit Rainfallive",5.31,2025,CARITAS Bangladesh,5,40,85,1.5%,10%,40%,45,50,2.00%,5%,20%,50,,,,,,,,,,,,
Potato,Mymensingh,Muktagachha,CARITAS Bangladesh,16 February - 15 April,"Excessive Rainfall, Deficit Rainfallive",5.31,2025,CARITAS Bangladesh,5,90,135,1.5%,10%,40%,45,62,0.91%,5%,20%,50,,,,,,,,,,,,
Potato,Mymensingh,Mymensingh Sadar,CARITAS Bangladesh,16 February - 15 April,"Excessive Rainfall, Deficit Rainfallive",5.31,2025,CARITAS Bangladesh,5,50,95,1.5%,10%,40%,45,52,1.67%,5%,20%,50,,,,,,,,,,,,
Potato,Mymensingh,Nandail,CARITAS Bangladesh,16 February - 15 April,"Excessive Rainfall, Deficit Rainfallive",5.31,2025,CARITAS Bangladesh,5,130,175,1.5%,10%,40%,45,72,0.63%,5%,20%,50,,,,,,,,,,,,
Potato,Mymensingh,Tarakanda,CARITAS Bangladesh,16 February - 15 April,"Excessive Rainfall, Deficit Rainfallive",5.31,2025,CARITAS Bangladesh,5,55,100,1.5%,10%,40%,45,55,1.33%,5%,20%,50,,,,,,,,,,,,
Potato,Mymensingh,Trishal,CARITAS Bangladesh,16 February - 15 April,"Excessive Rainfall, Deficit Rainfallive",5.31,2025,CARITAS Bangladesh,5,50,95,1.5%,10%,40%,45,52,1.67%,5%,20%,50,,,,,,,,,,,,
Potato,Netrakona,Atpara,CARITAS Bangladesh,16 February - 15 April,"Excessive Rainfall, Deficit Rainfallive",5.31,2025,CARITAS Bangladesh,5,85,130,1.5%,10%,40%,45,60,1.00%,5%,20%,50,,,,,,,,,,,,
Potato,Netrakona,Barhatta,CARITAS Bangladesh,16 February - 15 April,"Excessive Rainfall, Deficit Rainfallive",5.31,2025,CARITAS Bangladesh,5,130,175,1.5%,10%,40%,45,72,0.63%,5%,20%,50,,,,,,,,,,,,
Potato,Netrakona,Durgapur,CARITAS Bangladesh,16 February - 15 April,"Excessive Rainfall, Deficit Rainfallive",5.31,2025,CARITAS Bangladesh,5,285,330,1.5%,10%,40%,45,95,0.36%,5%,20%,50,,,,,,,,,,,,
Potato,Netrakona,Kalmakanda,CARITAS Bangladesh,16 February - 15 April,"Excessive Rainfall, Deficit Rainfallive",5.31,2025,CARITAS Bangladesh,5,80,125,1.5%,10%,40%,45,56,1.25%,5%,20%,50,,,,,,,,,,,,
Potato,Netrakona,Kendua,CARITAS Bangladesh,16 February - 15 April,"Excessive Rainfall, Deficit Rainfallive",5.31,2025,CARITAS Bangladesh,5,255,300,1.5%,10%,40%,45,90,0.40%,5%,20%,50,,,,,,,,,,,,
Potato,Netrakona,Khaliajuri,CARITAS Bangladesh,16 February - 15 April,"Excessive Rainfall, Deficit Rainfallive",5.31,2025,CARITAS Bangladesh,5,40,85,1.5%,10%,40%,45,55,1.33%,5%,20%,50,,,,,,,,,,,,
Potato,Netrakona,Madan,CARITAS Bangladesh,16 February - 15 April,"Excessive Rainfall, Deficit Rainfallive",5.31,2025,CARITAS Bangladesh,5,50,95,1.5%,10%,40%,45,52,1.67%,5%,20%,50,,,,,,,,,,,,
Potato,Netrakona,Mohanganj,CARITAS Bangladesh,16 February - 15 April,"Excessive Rainfall, Deficit Rainfallive",5.31,2025,CARITAS Bangladesh,5,165,210,1.5%,10%,40%,45,74,0.59%,5%,20%,50,,,,,,,,,,,,
Potato,Netrakona,Netrakona Sadar,CARITAS Bangladesh,16 February - 15 April,"Excessive Rainfall, Deficit Rainfallive",5.31,2025,CARITAS Bangladesh,5,50,95,1.5%,10%,40%,45,52,1.67%,5%,20%,50,,,,,,,,,,,,
Potato,Netrakona,Purbadhala,CARITAS Bangladesh,16 February - 15 April,"Excessive Rainfall, Deficit Rainfallive",5.31,2025,CARITAS Bangladesh,5,85,130,1.5%,10%,40%,45,55,1.33%,5%,20%,50,,,,,,,,,,,,
Potato,Sherpur,Jhenaigati,CARITAS Bangladesh,16 February - 15 April,"Excessive Rainfall, Deficit Rainfallive",5.31,2025,CARITAS Bangladesh,5,75,120,1.5%,10%,40%,45,55,1.33%,5%,20%,50,,,,,,,,,,,,
Potato,Sherpur,Nakla,CARITAS Bangladesh,16 February - 15 April,"Excessive Rainfall, Deficit Rainfallive",5.31,2025,CARITAS Bangladesh,5,70,115,1.5%,10%,40%,45,52,1.67%,5%,20%,50,,,,,,,,,,,,
Potato,Sherpur,Nalitabari,CARITAS Bangladesh,16 February - 15 April,"Excessive Rainfall, Deficit Rainfallive",5.31,2025,CARITAS Bangladesh,5,145,190,1.5%,10%,40%,45,60,1.00%,5%,20%,50,,,,,,,,,,,,
Potato,Sherpur,Sherpur Sadar,CARITAS Bangladesh,16 February - 15 April,"Excessive Rainfall, Deficit Rainfallive",5.31,2025,CARITAS Bangladesh,5,130,175,1.5%,10%,40%,45,72,0.63%,5%,20%,50,,,,,,,,,,,,
Potato,Sherpur,Sreebardi,CARITAS Bangladesh,16 February - 15 April,"Excessive Rainfall, Deficit Rainfallive",5.31,2025,CARITAS Bangladesh,5,100,145,1.5%,10%,40%,45,58,1.11%,5%,20%,50,,,,,,,,,,,,
Potato,Dinajpur,Birampur,CARITAS Bangladesh,16 February - 15 April,"Excessive Rainfall, Deficit Rainfallive",5.31,2025,CARITAS Bangladesh,5,50,95,1.5%,10%,40%,45,55,1.33%,5%,20%,50,,,,,,,,,,,,
Mustard,Dinajpur,Birganj,YPSA,1 February - 15 April,"Excessive Rainfall, Deficit Rainfallive, Heatwave",4.27,2025,YPSA,3,75,130,2.5%,15%,55%,74,70,0.01%,5%,20%,50,5,38.5,44.5,3.33,5%,20%,,,,,,
Mustard,Dinajpur,Birol,YPSA,1 February - 15 April,"Excessive Rainfall, Deficit Rainfallive, Heatwave",4.27,2025,YPSA,3,75,130,2.5%,15%,55%,74,70,0.01%,5%,20%,50,5,38.5,44.5,3.33,5%,20%,,,,,,
Mustard,Dinajpur,Bochaganj,YPSA,1 February - 15 April,"Excessive Rainfall, Deficit Rainfallive, Heatwave",4.27,2025,YPSA,3,75,130,2.5%,15%,55%,74,70,0.01%,5%,20%,50,5,37,43,3.33,5%,20%,,,,,,
Mustard,Dinajpur,Chirirbandar,YPSA,1 February - 15 April,"Excessive Rainfall, Deficit Rainfallive, Heatwave",4.27,2025,YPSA,3,65,120,2.5%,15%,55%,74,75,0.01%,5%,20%,50,5,38.5,44.5,3.33,5%,20%,,,,,,
Mustard,Dinajpur,Dinajpur Sadar,YPSA,1 February - 15 April,"Excessive Rainfall, Deficit Rainfallive, Heatwave",4.27,2025,YPSA,3,65,120,2.5%,15%,55%,74,70,0.01%,5%,20%,50,5,38.5,44.5,3.33,5%,20%,,,,,,
Mustard,Dinajpur,Fulbari,YPSA,1 February - 15 April,"Excessive Rainfall, Deficit Rainfallive, Heatwave",4.27,2025,YPSA,3,80,135,2.5%,15%,55%,74,75,0.01%,5%,20%,50,5,38.5,44.5,3.33,5%,20%,,,,,,
Cauliflower,Dinajpur,Ghoraghat,Shushilan,1 April - 31 May,"Excessive Rainfall, Deficit Rainfallive, Heatwave",6.1,2025,Shushilan,3,90,130,2.0%,15%,55%,45,60,0.33%,5%,20%,50,5,40,46,3.33,5%,20%,,,,,,
Cauliflower,Dinajpur,Hakimpur,Shushilan,1 April - 31 May,"Excessive Rainfall, Deficit Rainfallive, Heatwave",6.1,2025,Shushilan,3,90,130,2.0%,15%,55%,45,60,0.33%,5%,20%,50,5,40,46,3.33,5%,20%,,,,,,
Cauliflower,Dinajpur,Kaharole,Shushilan,1 April - 31 May,"Excessive Rainfall, Deficit Rainfallive, Heatwave",6.1,2025,Shushilan,3,90,130,2.0%,15%,55%,45,60,0.33%,5%,20%,50,5,40.75,46.75,3.33,5%,20%,,,,,,
Cauliflower,Dinajpur,Khansama,Shushilan,1 April - 31 May,"Excessive Rainfall, Deficit Rainfallive, Heatwave",6.1,2025,Shushilan,3,95,135,2.0%,15%,55%,45,60,0.33%,5%,20%,50,5,40.75,46.25,3.33,5%,20%,,,,,,
Cauliflower,Dinajpur,Nababganj,Shushilan,1 April - 31 May,"Excessive Rainfall, Deficit Rainfallive, Heatwave",6.1,2025,Shushilan,3,100,140,2.0%,15%,55%,45,60,0.33%,5%,20%,50,5,40.25,46.25,3.33,5%,20%,,,,,,
Cauliflower,Dinajpur,Parbatipur,Shushilan,1 April - 31 May,"Excessive Rainfall, Deficit Rainfallive, Heatwave",6.1,2025,Shushilan,3,100,140,2.0%,15%,55%,45,60,0.33%,5%,20%,50,5,40.25,46.25,3.33,5%,20%,,,,,,
Cauliflower,Gaibandha,Fulchhari,Shushilan,1 April - 31 May,"Excessive Rainfall, Deficit Rainfallive, Heatwave",6.1,2025,Shushilan,3,100,140,2.0%,15%,55%,45,60,0.33%,5%,20%,50,5,40.25,46.25,3.33,5%,20%,,,,,,
Cauliflower,Gaibandha,Gaibandha Sadar,Shushilan,1 April - 31 May,"Excessive Rainfall, Deficit Rainfallive, Heatwave",6.1,2025,Shushilan,3,100,140,2.0%,15%,55%,45,60,0.33%,5%,20%,50,5,40.25,46.25,3.33,5%,20%,,,,,,
Cauliflower,Gaibandha,Gobindaganj,Shushilan,1 April - 31 May,"Excessive Rainfall, Deficit Rainfallive, Heatwave",6.1,2025,Shushilan,3,100,140,2.0%,15%,55%,45,60,0.33%,5%,20%,50,5,40.25,46.25,3.33,5%,20%,,,,,,
Cauliflower,Gaibandha,Palashbari,Shushilan,1 April - 31 May,"Excessive Rainfall, Deficit Rainfallive, Heatwave",6.1,2025,Shushilan,3,100,140,2.0%,15%,55%,45,60,0.33%,5%,20%,50,5,40.75,46.75,3.33,5%,20%,,,,,,
